sparse 1
472
%%
0 90 s 16
0 102 s 17
0 105 s 18
0 109 s 19
0 110 s 20
0 126 s 21
0 144 s 22
0 145 s 23
0 146 s 24
0 147 s 25
0 148 s 26
0 149 s 27
0 150 s 28
0 151 s 29
0 152 s 30
0 153 s 31
0 154 s 32
0 155 s 33
0 156 s 34
0 157 s 35
0 158 s 36
0 159 s 37
0 160 s 38
0 161 s 39
0 162 s 40
0 163 s 41
0 164 s 42
0 165 s 43
0 166 s 44
1 90 s 16
1 102 s 17
1 105 s 18
1 109 s 19
1 110 s 20
1 126 s 21
1 144 s 22
1 145 s 23
1 146 s 24
1 147 s 25
1 148 s 26
1 149 s 27
1 150 s 28
1 151 s 29
1 152 s 30
1 153 s 31
1 154 s 32
1 155 s 33
1 156 s 34
1 157 s 35
1 158 s 36
1 159 s 37
1 160 s 38
1 161 s 39
1 162 s 40
1 163 s 41
1 164 s 42
1 165 s 43
1 166 s 44
1 170 a
2 90 r 239
2 102 r 239
2 105 r 239
2 109 r 239
2 110 r 239
2 126 r 239
2 144 r 239
2 145 r 239
2 146 r 239
2 147 r 239
2 148 r 239
2 149 r 239
2 150 r 239
2 151 r 239
2 152 r 239
2 153 r 239
2 154 r 239
2 155 r 239
2 156 r 239
2 157 r 239
2 158 r 239
2 159 r 239
2 160 r 239
2 161 r 239
2 162 r 239
2 163 r 239
2 164 r 239
2 165 r 239
2 166 r 239
2 170 r 239
3 90 r 96
3 102 r 96
3 105 r 96
3 109 r 96
3 110 r 96
3 126 r 96
3 144 r 96
3 145 r 96
3 146 r 96
3 147 r 96
3 148 r 96
3 149 r 96
3 150 r 96
3 151 r 96
3 152 r 96
3 153 r 96
3 154 r 96
3 155 r 96
3 156 r 96
3 157 r 96
3 158 r 96
3 159 r 96
3 160 r 96
3 161 r 96
3 162 r 96
3 163 r 96
3 164 r 96
3 165 r 96
3 166 r 96
3 170 r 96
4 90 r 97
4 102 r 97
4 105 r 97
4 109 r 97
4 110 r 97
4 126 r 97
4 144 r 97
4 145 r 97
4 146 r 97
4 147 r 97
4 148 r 97
4 149 r 97
4 150 r 97
4 151 r 97
4 152 r 97
4 153 r 97
4 154 r 97
4 155 r 97
4 156 r 97
4 157 r 97
4 158 r 97
4 159 r 97
4 160 r 97
4 161 r 97
4 162 r 97
4 163 r 97
4 164 r 97
4 165 r 97
4 166 r 97
4 170 r 97
5 90 s 16
5 100 s 49
5 102 s 17
5 126 s 21
6 78 r 43
6 90 r 43
6 91 r 43
6 100 r 43
6 102 r 43
6 103 r 43
6 105 s 18
6 109 s 19
6 110 s 20
6 126 r 43
6 144 s 22
6 145 s 23
6 146 s 24
6 147 s 25
6 148 s 26
6 149 s 27
6 150 s 28
6 151 s 29
6 152 s 30
6 153 s 31
6 154 s 32
6 155 s 33
6 156 s 34
6 157 s 35
6 158 s 36
6 159 s 37
6 160 s 38
6 161 s 39
6 162 s 40
6 163 s 41
6 164 s 42
6 165 s 43
6 166 s 44
7 78 r 49
7 90 r 49
7 91 r 49
7 100 r 49
7 102 r 49
7 103 r 49
7 105 s 18
7 109 s 19
7 110 s 20
7 126 r 49
7 144 s 22
7 145 s 23
7 146 s 24
7 147 s 25
7 148 s 26
7 149 s 27
7 150 s 28
7 151 s 29
7 152 s 30
7 153 s 31
7 154 s 32
7 155 s 33
7 156 s 34
7 157 s 35
7 158 s 36
7 159 s 37
7 160 s 38
7 161 s 39
7 162 s 40
7 163 s 41
7 164 s 42
7 165 s 43
7 166 s 44
8 78 r 45
8 90 r 45
8 91 r 45
8 100 r 45
8 102 r 45
8 103 r 45
8 105 s 18
8 109 s 19
8 110 s 20
8 126 r 45
8 144 s 22
8 145 s 23
8 146 s 24
8 147 s 25
8 148 s 26
8 149 s 27
8 150 s 28
8 151 s 29
8 152 s 30
8 153 s 31
8 154 s 32
8 155 s 33
8 156 s 34
8 157 s 35
8 158 s 36
8 159 s 37
8 160 s 38
8 161 s 39
8 162 s 40
8 163 s 41
8 164 s 42
8 165 s 43
8 166 s 44
9 78 r 47
9 90 r 47
9 91 r 47
9 100 r 47
9 102 r 47
9 103 r 47
9 105 s 18
9 109 s 19
9 110 s 20
9 126 r 47
9 144 s 22
9 145 s 23
9 146 s 24
9 147 s 25
9 148 s 26
9 149 s 27
9 150 s 28
9 151 s 29
9 152 s 30
9 153 s 31
9 154 s 32
9 155 s 33
9 156 s 34
9 157 s 35
9 158 s 36
9 159 s 37
9 160 s 38
9 161 s 39
9 162 s 40
9 163 s 41
9 164 s 42
9 165 s 43
9 166 s 44
10 78 r 258
10 90 r 258
10 91 r 258
10 95 r 258
10 100 r 258
10 102 r 258
10 103 r 258
10 105 r 258
10 109 r 258
10 110 r 258
10 126 r 258
10 144 r 258
10 145 r 258
10 146 r 258
10 147 r 258
10 148 r 258
10 149 r 258
10 150 r 258
10 151 r 258
10 152 r 258
10 153 r 258
10 154 r 258
10 155 r 258
10 156 r 258
10 157 r 258
10 158 r 258
10 159 r 258
10 160 r 258
10 161 r 258
10 162 r 258
10 163 r 258
10 164 r 258
10 165 r 258
10 166 r 258
11 92 s 54
11 102 s 55
12 78 r 259
12 90 r 259
12 91 r 259
12 95 r 259
12 100 r 259
12 102 r 259
12 103 r 259
12 105 r 259
12 109 r 259
12 110 r 259
12 126 r 259
12 144 r 259
12 145 r 259
12 146 r 259
12 147 r 259
12 148 r 259
12 149 r 259
12 150 r 259
12 151 r 259
12 152 r 259
12 153 r 259
12 154 r 259
12 155 r 259
12 156 r 259
12 157 r 259
12 158 r 259
12 159 r 259
12 160 r 259
12 161 r 259
12 162 r 259
12 163 r 259
12 164 r 259
12 165 r 259
12 166 r 259
13 92 s 60
13 105 s 18
13 109 s 19
13 110 s 20
13 144 s 22
13 145 s 23
13 146 s 24
13 147 s 25
13 148 s 26
13 149 s 27
13 150 s 28
13 151 s 29
13 152 s 30
13 153 s 31
13 154 s 32
13 155 s 33
13 156 s 34
13 157 s 35
13 158 s 36
13 159 s 37
13 160 s 38
13 161 s 39
13 162 s 40
13 163 s 41
13 164 s 42
13 165 s 43
13 166 s 44
14 78 r 51
14 79 r 51
14 90 s 61
14 91 r 51
14 92 r 51
14 95 r 51
14 100 r 51
14 103 s 62
14 105 r 51
14 109 r 51
14 110 r 51
14 144 r 51
14 145 r 51
14 146 r 51
14 147 r 51
14 148 r 51
14 149 r 51
14 150 r 51
14 151 r 51
14 152 r 51
14 153 r 51
14 154 r 51
14 155 r 51
14 156 r 51
14 157 r 51
14 158 r 51
14 159 r 51
14 160 r 51
14 161 r 51
14 162 r 51
14 163 r 51
14 164 r 51
14 165 r 51
14 166 r 51
15 90 s 16
15 102 s 17
16 90 s 16
16 102 s 17
16 126 s 21
17 78 r 70
17 79 r 70
17 90 r 70
17 91 r 70
17 92 r 70
17 95 r 70
17 100 r 70
17 103 r 70
17 105 r 70
17 109 r 70
17 110 r 70
17 144 r 70
17 145 r 70
17 146 r 70
17 147 r 70
17 148 r 70
17 149 r 70
17 150 r 70
17 151 r 70
17 152 r 70
17 153 r 70
17 154 r 70
17 155 r 70
17 156 r 70
17 157 r 70
17 158 r 70
17 159 r 70
17 160 r 70
17 161 r 70
17 162 r 70
17 163 r 70
17 164 r 70
17 165 r 70
17 166 r 70
18 92 s 65
18 102 s 66
19 78 r 102
19 90 r 102
19 91 r 102
19 100 r 102
19 102 r 102
19 103 r 102
19 105 r 102
19 109 r 102
19 110 r 102
19 126 r 102
19 144 r 102
19 145 r 102
19 146 r 102
19 147 r 102
19 148 r 102
19 149 r 102
19 150 r 102
19 151 r 102
19 152 r 102
19 153 r 102
19 154 r 102
19 155 r 102
19 156 r 102
19 157 r 102
19 158 r 102
19 159 r 102
19 160 r 102
19 161 r 102
19 162 r 102
19 163 r 102
19 164 r 102
19 165 r 102
19 166 r 102
20 78 r 103
20 90 r 103
20 91 r 103
20 100 r 103
20 102 r 103
20 103 r 103
20 105 r 103
20 109 r 103
20 110 r 103
20 126 r 103
20 144 r 103
20 145 r 103
20 146 r 103
20 147 r 103
20 148 r 103
20 149 r 103
20 150 r 103
20 151 r 103
20 152 r 103
20 153 r 103
20 154 r 103
20 155 r 103
20 156 r 103
20 157 r 103
20 158 r 103
20 159 r 103
20 160 r 103
20 161 r 103
20 162 r 103
20 163 r 103
20 164 r 103
20 165 r 103
20 166 r 103
21 78 r 185
21 90 r 185
21 91 r 185
21 95 r 185
21 102 r 185
21 103 r 185
21 126 s 21
21 151 s 29
21 152 s 30
21 153 s 31
22 78 r 220
22 90 r 220
22 91 r 220
22 100 r 220
22 102 r 220
22 103 r 220
22 105 r 220
22 109 r 220
22 110 r 220
22 126 r 220
22 144 r 220
22 145 r 220
22 146 r 220
22 147 r 220
22 148 r 220
22 149 r 220
22 150 r 220
22 151 r 220
22 152 r 220
22 153 r 220
22 154 r 220
22 155 r 220
22 156 r 220
22 157 r 220
22 158 r 220
22 159 r 220
22 160 r 220
22 161 r 220
22 162 r 220
22 163 r 220
22 164 r 220
22 165 r 220
22 166 r 220
23 78 r 221
23 90 r 221
23 91 r 221
23 100 r 221
23 102 r 221
23 103 r 221
23 105 r 221
23 109 r 221
23 110 r 221
23 126 r 221
23 144 r 221
23 145 r 221
23 146 r 221
23 147 r 221
23 148 r 221
23 149 r 221
23 150 r 221
23 151 r 221
23 152 r 221
23 153 r 221
23 154 r 221
23 155 r 221
23 156 r 221
23 157 r 221
23 158 r 221
23 159 r 221
23 160 r 221
23 161 r 221
23 162 r 221
23 163 r 221
23 164 r 221
23 165 r 221
23 166 r 221
24 78 r 222
24 90 r 222
24 91 r 222
24 100 r 222
24 102 r 222
24 103 r 222
24 105 r 222
24 109 r 222
24 110 r 222
24 126 r 222
24 144 r 222
24 145 r 222
24 146 r 222
24 147 r 222
24 148 r 222
24 149 r 222
24 150 r 222
24 151 r 222
24 152 r 222
24 153 r 222
24 154 r 222
24 155 r 222
24 156 r 222
24 157 r 222
24 158 r 222
24 159 r 222
24 160 r 222
24 161 r 222
24 162 r 222
24 163 r 222
24 164 r 222
24 165 r 222
24 166 r 222
25 78 r 223
25 90 r 223
25 91 r 223
25 100 r 223
25 102 r 223
25 103 r 223
25 105 r 223
25 109 r 223
25 110 r 223
25 126 r 223
25 144 r 223
25 145 r 223
25 146 r 223
25 147 r 223
25 148 r 223
25 149 r 223
25 150 r 223
25 151 r 223
25 152 r 223
25 153 r 223
25 154 r 223
25 155 r 223
25 156 r 223
25 157 r 223
25 158 r 223
25 159 r 223
25 160 r 223
25 161 r 223
25 162 r 223
25 163 r 223
25 164 r 223
25 165 r 223
25 166 r 223
26 78 r 224
26 90 r 224
26 91 r 224
26 100 r 224
26 102 r 224
26 103 r 224
26 105 r 224
26 109 r 224
26 110 r 224
26 126 r 224
26 144 r 224
26 145 r 224
26 146 r 224
26 147 r 224
26 148 r 224
26 149 r 224
26 150 r 224
26 151 r 224
26 152 r 224
26 153 r 224
26 154 r 224
26 155 r 224
26 156 r 224
26 157 r 224
26 158 r 224
26 159 r 224
26 160 r 224
26 161 r 224
26 162 r 224
26 163 r 224
26 164 r 224
26 165 r 224
26 166 r 224
27 92 r 234
27 102 r 234
28 92 r 235
28 102 r 235
29 75 r 243
29 76 r 243
29 77 r 243
29 78 r 243
29 90 r 243
29 91 r 243
29 95 r 243
29 96 r 243
29 97 r 243
29 98 r 243
29 99 r 243
29 100 r 243
29 102 r 243
29 103 r 243
29 104 r 243
29 105 r 243
29 109 r 243
29 110 r 243
29 126 r 243
29 131 r 243
29 132 r 243
29 133 r 243
29 134 r 243
29 135 r 243
29 136 r 243
29 137 r 243
29 144 r 243
29 145 r 243
29 146 r 243
29 147 r 243
29 148 r 243
29 149 r 243
29 150 r 243
29 151 r 243
29 152 r 243
29 153 r 243
29 154 r 243
29 155 r 243
29 156 r 243
29 157 r 243
29 158 r 243
29 159 r 243
29 160 r 243
29 161 r 243
29 162 r 243
29 163 r 243
29 164 r 243
29 165 r 243
29 166 r 243
29 167 r 243
29 168 r 243
29 169 r 243
30 75 r 244
30 76 r 244
30 77 r 244
30 78 r 244
30 90 r 244
30 91 r 244
30 95 r 244
30 96 r 244
30 97 r 244
30 98 r 244
30 99 r 244
30 100 r 244
30 102 r 244
30 103 r 244
30 104 r 244
30 105 r 244
30 109 r 244
30 110 r 244
30 126 r 244
30 131 r 244
30 132 r 244
30 133 r 244
30 134 r 244
30 135 r 244
30 136 r 244
30 137 r 244
30 144 r 244
30 145 r 244
30 146 r 244
30 147 r 244
30 148 r 244
30 149 r 244
30 150 r 244
30 151 r 244
30 152 r 244
30 153 r 244
30 154 r 244
30 155 r 244
30 156 r 244
30 157 r 244
30 158 r 244
30 159 r 244
30 160 r 244
30 161 r 244
30 162 r 244
30 163 r 244
30 164 r 244
30 165 r 244
30 166 r 244
30 167 r 244
30 168 r 244
30 169 r 244
31 75 r 245
31 76 r 245
31 77 r 245
31 78 r 245
31 90 r 245
31 91 r 245
31 95 r 245
31 96 r 245
31 97 r 245
31 98 r 245
31 99 r 245
31 100 r 245
31 102 r 245
31 103 r 245
31 104 r 245
31 105 r 245
31 109 r 245
31 110 r 245
31 126 r 245
31 131 r 245
31 132 r 245
31 133 r 245
31 134 r 245
31 135 r 245
31 136 r 245
31 137 r 245
31 144 r 245
31 145 r 245
31 146 r 245
31 147 r 245
31 148 r 245
31 149 r 245
31 150 r 245
31 151 r 245
31 152 r 245
31 153 r 245
31 154 r 245
31 155 r 245
31 156 r 245
31 157 r 245
31 158 r 245
31 159 r 245
31 160 r 245
31 161 r 245
31 162 r 245
31 163 r 245
31 164 r 245
31 165 r 245
31 166 r 245
31 167 r 245
31 168 r 245
31 169 r 245
32 78 r 248
32 90 r 248
32 91 r 248
32 95 r 248
32 100 r 248
32 102 r 248
32 103 r 248
32 105 r 248
32 109 r 248
32 110 r 248
32 126 r 248
32 144 r 248
32 145 r 248
32 146 r 248
32 147 r 248
32 148 r 248
32 149 r 248
32 150 r 248
32 151 r 248
32 152 r 248
32 153 r 248
32 154 r 248
32 155 r 248
32 156 r 248
32 157 r 248
32 158 r 248
32 159 r 248
32 160 r 248
32 161 r 248
32 162 r 248
32 163 r 248
32 164 r 248
32 165 r 248
32 166 r 248
33 78 r 249
33 90 r 249
33 91 r 249
33 95 r 249
33 100 r 249
33 102 r 249
33 103 r 249
33 105 r 249
33 109 r 249
33 110 r 249
33 126 r 249
33 144 r 249
33 145 r 249
33 146 r 249
33 147 r 249
33 148 r 249
33 149 r 249
33 150 r 249
33 151 r 249
33 152 r 249
33 153 r 249
33 154 r 249
33 155 r 249
33 156 r 249
33 157 r 249
33 158 r 249
33 159 r 249
33 160 r 249
33 161 r 249
33 162 r 249
33 163 r 249
33 164 r 249
33 165 r 249
33 166 r 249
34 78 r 250
34 90 r 250
34 91 r 250
34 95 r 250
34 100 r 250
34 102 r 250
34 103 r 250
34 105 r 250
34 109 r 250
34 110 r 250
34 126 r 250
34 144 r 250
34 145 r 250
34 146 r 250
34 147 r 250
34 148 r 250
34 149 r 250
34 150 r 250
34 151 r 250
34 152 r 250
34 153 r 250
34 154 r 250
34 155 r 250
34 156 r 250
34 157 r 250
34 158 r 250
34 159 r 250
34 160 r 250
34 161 r 250
34 162 r 250
34 163 r 250
34 164 r 250
34 165 r 250
34 166 r 250
35 78 r 251
35 90 r 251
35 91 r 251
35 95 r 251
35 100 r 251
35 102 r 251
35 103 r 251
35 105 r 251
35 109 r 251
35 110 r 251
35 126 r 251
35 144 r 251
35 145 r 251
35 146 r 251
35 147 r 251
35 148 r 251
35 149 r 251
35 150 r 251
35 151 r 251
35 152 r 251
35 153 r 251
35 154 r 251
35 155 r 251
35 156 r 251
35 157 r 251
35 158 r 251
35 159 r 251
35 160 r 251
35 161 r 251
35 162 r 251
35 163 r 251
35 164 r 251
35 165 r 251
35 166 r 251
36 78 r 252
36 90 r 252
36 91 r 252
36 95 r 252
36 100 r 252
36 102 r 252
36 103 r 252
36 105 r 252
36 109 r 252
36 110 r 252
36 126 r 252
36 144 r 252
36 145 r 252
36 146 r 252
36 147 r 252
36 148 r 252
36 149 r 252
36 150 r 252
36 151 r 252
36 152 r 252
36 153 r 252
36 154 r 252
36 155 r 252
36 156 r 252
36 157 r 252
36 158 r 252
36 159 r 252
36 160 r 252
36 161 r 252
36 162 r 252
36 163 r 252
36 164 r 252
36 165 r 252
36 166 r 252
37 78 r 253
37 90 r 253
37 91 r 253
37 95 r 253
37 100 r 253
37 102 r 253
37 103 r 253
37 105 r 253
37 109 r 253
37 110 r 253
37 126 r 253
37 144 r 253
37 145 r 253
37 146 r 253
37 147 r 253
37 148 r 253
37 149 r 253
37 150 r 253
37 151 r 253
37 152 r 253
37 153 r 253
37 154 r 253
37 155 r 253
37 156 r 253
37 157 r 253
37 158 r 253
37 159 r 253
37 160 r 253
37 161 r 253
37 162 r 253
37 163 r 253
37 164 r 253
37 165 r 253
37 166 r 253
38 78 r 254
38 90 r 254
38 91 r 254
38 95 r 254
38 100 r 254
38 102 r 254
38 103 r 254
38 105 r 254
38 109 r 254
38 110 r 254
38 126 r 254
38 144 r 254
38 145 r 254
38 146 r 254
38 147 r 254
38 148 r 254
38 149 r 254
38 150 r 254
38 151 r 254
38 152 r 254
38 153 r 254
38 154 r 254
38 155 r 254
38 156 r 254
38 157 r 254
38 158 r 254
38 159 r 254
38 160 r 254
38 161 r 254
38 162 r 254
38 163 r 254
38 164 r 254
38 165 r 254
38 166 r 254
39 78 r 255
39 90 r 255
39 91 r 255
39 95 r 255
39 100 r 255
39 102 r 255
39 103 r 255
39 105 r 255
39 109 r 255
39 110 r 255
39 126 r 255
39 144 r 255
39 145 r 255
39 146 r 255
39 147 r 255
39 148 r 255
39 149 r 255
39 150 r 255
39 151 r 255
39 152 r 255
39 153 r 255
39 154 r 255
39 155 r 255
39 156 r 255
39 157 r 255
39 158 r 255
39 159 r 255
39 160 r 255
39 161 r 255
39 162 r 255
39 163 r 255
39 164 r 255
39 165 r 255
39 166 r 255
40 78 r 256
40 90 r 256
40 91 r 256
40 95 r 256
40 100 r 256
40 102 r 256
40 103 r 256
40 105 r 256
40 109 r 256
40 110 r 256
40 126 r 256
40 144 r 256
40 145 r 256
40 146 r 256
40 147 r 256
40 148 r 256
40 149 r 256
40 150 r 256
40 151 r 256
40 152 r 256
40 153 r 256
40 154 r 256
40 155 r 256
40 156 r 256
40 157 r 256
40 158 r 256
40 159 r 256
40 160 r 256
40 161 r 256
40 162 r 256
40 163 r 256
40 164 r 256
40 165 r 256
40 166 r 256
41 78 r 257
41 90 r 257
41 91 r 257
41 95 r 257
41 100 r 257
41 102 r 257
41 103 r 257
41 105 r 257
41 109 r 257
41 110 r 257
41 126 r 257
41 144 r 257
41 145 r 257
41 146 r 257
41 147 r 257
41 148 r 257
41 149 r 257
41 150 r 257
41 151 r 257
41 152 r 257
41 153 r 257
41 154 r 257
41 155 r 257
41 156 r 257
41 157 r 257
41 158 r 257
41 159 r 257
41 160 r 257
41 161 r 257
41 162 r 257
41 163 r 257
41 164 r 257
41 165 r 257
41 166 r 257
42 90 s 70
43 78 r 262
43 90 r 262
43 91 r 262
43 95 r 262
43 100 r 262
43 102 r 262
43 103 r 262
43 105 r 262
43 109 r 262
43 110 r 262
43 126 r 262
43 144 r 262
43 145 r 262
43 146 r 262
43 147 r 262
43 148 r 262
43 149 r 262
43 150 r 262
43 151 r 262
43 152 r 262
43 153 r 262
43 154 r 262
43 155 r 262
43 156 r 262
43 157 r 262
43 158 r 262
43 159 r 262
43 160 r 262
43 161 r 262
43 162 r 262
43 163 r 262
43 164 r 262
43 165 r 262
43 166 r 262
44 78 r 263
44 90 r 263
44 91 r 263
44 95 r 263
44 100 r 263
44 102 r 263
44 103 r 263
44 105 r 263
44 109 r 263
44 110 r 263
44 126 r 263
44 144 r 263
44 145 r 263
44 146 r 263
44 147 r 263
44 148 r 263
44 149 r 263
44 150 r 263
44 151 r 263
44 152 r 263
44 153 r 263
44 154 r 263
44 155 r 263
44 156 r 263
44 157 r 263
44 158 r 263
44 159 r 263
44 160 r 263
44 161 r 263
44 162 r 263
44 163 r 263
44 164 r 263
44 165 r 263
44 166 r 263
45 90 r 240
45 102 r 240
45 105 r 240
45 109 r 240
45 110 r 240
45 126 r 240
45 144 r 240
45 145 r 240
45 146 r 240
45 147 r 240
45 148 r 240
45 149 r 240
45 150 r 240
45 151 r 240
45 152 r 240
45 153 r 240
45 154 r 240
45 155 r 240
45 156 r 240
45 157 r 240
45 158 r 240
45 159 r 240
45 160 r 240
45 161 r 240
45 162 r 240
45 163 r 240
45 164 r 240
45 165 r 240
45 166 r 240
45 170 r 240
46 78 s 71
46 100 s 72
47 78 r 114
47 100 r 114
48 78 r 112
48 79 s 75
48 92 s 60
48 100 r 112
48 105 s 18
48 109 s 19
48 110 s 20
48 144 s 22
48 145 s 23
48 146 s 24
48 147 s 25
48 148 s 26
48 149 s 27
48 150 s 28
48 151 s 29
48 152 s 30
48 153 s 31
48 154 s 32
48 155 s 33
48 156 s 34
48 157 s 35
48 158 s 36
48 159 s 37
48 160 s 38
48 161 s 39
48 162 s 40
48 163 s 41
48 164 s 42
48 165 s 43
48 166 s 44
49 75 r 39
49 76 r 39
49 77 r 39
49 90 r 39
49 92 r 39
49 93 r 39
49 96 r 39
49 97 r 39
49 98 r 39
49 99 r 39
49 100 r 39
49 102 r 39
49 105 r 39
49 109 r 39
49 110 r 39
49 111 r 39
49 113 r 39
49 114 r 39
49 115 r 39
49 116 r 39
49 117 r 39
49 118 r 39
49 119 r 39
49 120 r 39
49 123 r 39
49 125 r 39
49 126 r 39
49 131 r 39
49 132 r 39
49 133 r 39
49 134 r 39
49 135 r 39
49 136 r 39
49 137 r 39
49 144 r 39
49 145 r 39
49 146 r 39
49 147 r 39
49 148 r 39
49 149 r 39
49 150 r 39
49 151 r 39
49 152 r 39
49 153 r 39
49 154 r 39
49 155 r 39
49 156 r 39
49 157 r 39
49 158 r 39
49 159 r 39
49 160 r 39
49 161 r 39
49 162 r 39
49 163 r 39
49 164 r 39
49 165 r 39
49 166 r 39
49 167 r 39
49 168 r 39
49 169 r 39
49 170 r 39
50 78 r 42
50 90 r 42
50 91 r 42
50 100 r 42
50 102 r 42
50 103 r 42
50 126 r 42
51 78 r 48
51 90 r 48
51 91 r 48
51 100 r 48
51 102 r 48
51 103 r 48
51 126 r 48
52 78 r 44
52 90 r 44
52 91 r 44
52 100 r 44
52 102 r 44
52 103 r 44
52 126 r 44
53 78 r 46
53 90 r 46
53 91 r 46
53 100 r 46
53 102 r 46
53 103 r 46
53 126 r 46
54 105 s 18
54 149 s 27
54 150 s 28
54 151 s 29
54 152 s 30
54 153 s 31
54 154 s 32
54 155 s 33
54 156 s 34
54 157 s 35
54 158 s 36
54 159 s 37
54 160 s 38
54 161 s 39
54 162 s 40
54 163 s 41
54 164 s 42
54 165 s 43
54 166 s 44
55 78 r 238
55 90 r 238
55 91 r 238
55 92 s 81
55 95 r 238
55 100 r 238
55 102 r 238
55 103 r 238
55 105 r 238
55 109 r 238
55 110 r 238
55 126 r 238
55 144 r 238
55 145 r 238
55 146 r 238
55 147 r 238
55 148 r 238
55 149 r 238
55 150 r 238
55 151 r 238
55 152 r 238
55 153 r 238
55 154 r 238
55 155 r 238
55 156 r 238
55 157 r 238
55 158 r 238
55 159 r 238
55 160 r 238
55 161 r 238
55 162 r 238
55 163 r 238
55 164 r 238
55 165 r 238
55 166 r 238
56 92 r 40
56 105 r 40
56 109 r 40
56 110 r 40
56 144 r 40
56 145 r 40
56 146 r 40
56 147 r 40
56 148 r 40
56 149 r 40
56 150 r 40
56 151 r 40
56 152 r 40
56 153 r 40
56 154 r 40
56 155 r 40
56 156 r 40
56 157 r 40
56 158 r 40
56 159 r 40
56 160 r 40
56 161 r 40
56 162 r 40
56 163 r 40
56 164 r 40
56 165 r 40
56 166 r 40
57 92 s 60
57 105 s 18
57 109 s 19
57 110 s 20
57 144 s 22
57 145 s 23
57 146 s 24
57 147 s 25
57 148 s 26
57 149 s 27
57 150 s 28
57 151 s 29
57 152 s 30
57 153 s 31
57 154 s 32
57 155 s 33
57 156 s 34
57 157 s 35
57 158 s 36
57 159 s 37
57 160 s 38
57 161 s 39
57 162 s 40
57 163 s 41
57 164 s 42
57 165 s 43
57 166 s 44
58 90 s 16
58 100 s 49
58 102 s 17
58 126 s 21
59 90 r 101
59 102 r 101
59 105 r 101
59 109 r 101
59 110 r 101
59 126 r 101
59 144 r 101
59 145 r 101
59 146 r 101
59 147 r 101
59 148 r 101
59 149 r 101
59 150 r 101
59 151 r 101
59 152 r 101
59 153 r 101
59 154 r 101
59 155 r 101
59 156 r 101
59 157 r 101
59 158 r 101
59 159 r 101
59 160 r 101
59 161 r 101
59 162 r 101
59 163 r 101
59 164 r 101
59 165 r 101
59 166 r 101
59 170 r 101
60 75 s 117
60 76 s 118
60 77 s 119
60 90 s 120
60 92 s 60
60 93 s 121
60 96 s 122
60 97 s 123
60 98 s 124
60 99 s 125
60 100 s 126
60 102 s 127
60 105 s 18
60 109 s 19
60 110 s 20
60 111 s 128
60 113 s 129
60 114 s 130
60 115 s 131
60 116 s 132
60 117 s 133
60 118 s 134
60 119 s 135
60 120 s 136
60 123 s 137
60 125 s 138
60 126 s 139
60 131 s 140
60 132 s 141
60 133 s 142
60 134 s 143
60 135 s 144
60 136 s 145
60 137 s 146
60 144 s 22
60 145 s 23
60 146 s 24
60 147 s 25
60 148 s 26
60 149 s 27
60 150 s 28
60 151 s 29
60 152 s 30
60 153 s 31
60 154 s 32
60 155 s 33
60 156 s 34
60 157 s 35
60 158 s 36
60 159 s 37
60 160 s 38
60 161 s 39
60 162 s 40
60 163 s 41
60 164 s 42
60 165 s 43
60 166 s 44
60 167 s 147
60 168 s 148
60 169 s 149
61 91 s 155
61 102 s 156
61 105 s 18
61 109 s 19
61 110 s 20
61 144 s 22
61 145 s 23
61 146 s 24
61 147 s 25
61 148 s 26
61 149 s 27
61 150 s 28
61 151 s 29
61 152 s 30
61 153 s 31
61 154 s 32
61 155 s 33
61 156 s 34
61 157 s 35
61 158 s 36
61 159 s 37
61 160 s 38
61 161 s 39
61 162 s 40
61 163 s 41
61 164 s 42
61 165 s 43
61 166 s 44
62 75 s 117
62 76 s 118
62 77 s 119
62 90 s 120
62 96 s 122
62 97 s 123
62 98 s 124
62 99 s 125
62 102 s 161
62 104 s 162
62 126 s 139
62 131 s 140
62 132 s 141
62 133 s 142
62 134 s 143
62 135 s 144
62 136 s 145
62 137 s 146
62 151 s 29
62 152 s 30
62 153 s 31
62 167 s 147
62 168 s 148
62 169 s 149
63 78 r 50
63 79 r 50
63 90 s 61
63 91 r 50
63 92 r 50
63 95 r 50
63 100 r 50
63 103 s 62
63 105 r 50
63 109 r 50
63 110 r 50
63 144 r 50
63 145 r 50
63 146 r 50
63 147 r 50
63 148 r 50
63 149 r 50
63 150 r 50
63 151 r 50
63 152 r 50
63 153 r 50
63 154 r 50
63 155 r 50
63 156 r 50
63 157 r 50
63 158 r 50
63 159 r 50
63 160 r 50
63 161 r 50
63 162 r 50
63 163 r 50
63 164 r 50
63 165 r 50
63 166 r 50
64 91 s 163
65 102 s 166
66 78 r 81
66 90 r 81
66 91 r 81
66 92 s 167
66 95 r 81
66 100 r 81
66 102 r 81
66 103 r 81
66 105 r 81
66 109 r 81
66 110 r 81
66 126 r 81
66 144 r 81
66 145 r 81
66 146 r 81
66 147 r 81
66 148 r 81
66 149 r 81
66 150 r 81
66 151 r 81
66 152 r 81
66 153 r 81
66 154 r 81
66 155 r 81
66 156 r 81
66 157 r 81
66 158 r 81
66 159 r 81
66 160 r 81
66 161 r 81
66 162 r 81
66 163 r 81
66 164 r 81
66 165 r 81
66 166 r 81
67 75 r 246
67 76 r 246
67 77 r 246
67 78 r 246
67 90 r 246
67 91 r 246
67 95 r 246
67 96 r 246
67 97 r 246
67 98 r 246
67 99 r 246
67 102 r 246
67 103 r 246
67 104 r 246
67 126 r 246
67 131 r 246
67 132 r 246
67 133 r 246
67 134 r 246
67 135 r 246
67 136 r 246
67 137 r 246
67 151 r 246
67 152 r 246
67 153 r 246
67 167 r 246
67 168 r 246
67 169 r 246
68 78 r 187
68 90 r 187
68 91 r 187
68 95 r 187
68 102 r 187
68 103 r 187
69 78 r 184
69 90 r 184
69 91 r 184
69 95 r 184
69 102 r 184
69 103 r 184
69 126 s 21
69 151 s 29
69 152 s 30
69 153 s 31
70 75 s 117
70 76 s 118
70 77 s 119
70 90 s 120
70 96 s 122
70 97 s 123
70 98 s 124
70 99 s 125
70 102 s 161
70 105 s 18
70 126 s 139
70 131 s 140
70 132 s 141
70 133 s 142
70 134 s 143
70 135 s 144
70 136 s 145
70 137 s 146
70 149 s 27
70 150 s 28
70 151 s 29
70 152 s 30
70 153 s 31
70 154 s 32
70 155 s 33
70 156 s 34
70 157 s 35
70 158 s 36
70 159 s 37
70 160 s 38
70 161 s 39
70 162 s 40
70 163 s 41
70 164 s 42
70 165 s 43
70 166 s 44
70 167 s 147
70 168 s 148
70 169 s 149
71 90 s 16
71 102 s 17
71 126 s 21
72 75 r 38
72 76 r 38
72 77 r 38
72 90 r 38
72 92 r 38
72 93 r 38
72 96 r 38
72 97 r 38
72 98 r 38
72 99 r 38
72 100 r 38
72 102 r 38
72 105 r 38
72 109 r 38
72 110 r 38
72 111 r 38
72 113 r 38
72 114 r 38
72 115 r 38
72 116 r 38
72 117 r 38
72 118 r 38
72 119 r 38
72 120 r 38
72 123 r 38
72 125 r 38
72 126 r 38
72 131 r 38
72 132 r 38
72 133 r 38
72 134 r 38
72 135 r 38
72 136 r 38
72 137 r 38
72 144 r 38
72 145 r 38
72 146 r 38
72 147 r 38
72 148 r 38
72 149 r 38
72 150 r 38
72 151 r 38
72 152 r 38
72 153 r 38
72 154 r 38
72 155 r 38
72 156 r 38
72 157 r 38
72 158 r 38
72 159 r 38
72 160 r 38
72 161 r 38
72 162 r 38
72 163 r 38
72 164 r 38
72 165 r 38
72 166 r 38
72 167 r 38
72 168 r 38
72 169 r 38
72 170 r 38
73 92 s 60
73 105 s 18
73 109 s 19
73 110 s 20
73 144 s 22
73 145 s 23
73 146 s 24
73 147 s 25
73 148 s 26
73 149 s 27
73 150 s 28
73 151 s 29
73 152 s 30
73 153 s 31
73 154 s 32
73 155 s 33
73 156 s 34
73 157 s 35
73 158 s 36
73 159 s 37
73 160 s 38
73 161 s 39
73 162 s 40
73 163 s 41
73 164 s 42
73 165 s 43
73 166 s 44
74 90 r 100
74 102 r 100
74 105 r 100
74 109 r 100
74 110 r 100
74 126 r 100
74 144 r 100
74 145 r 100
74 146 r 100
74 147 r 100
74 148 r 100
74 149 r 100
74 150 r 100
74 151 r 100
74 152 r 100
74 153 r 100
74 154 r 100
74 155 r 100
74 156 r 100
74 157 r 100
74 158 r 100
74 159 r 100
74 160 r 100
74 161 r 100
74 162 r 100
74 163 r 100
74 164 r 100
74 165 r 100
74 166 r 100
74 170 r 100
75 75 s 117
75 76 s 118
75 77 s 119
75 90 s 120
75 92 s 177
75 96 s 122
75 97 s 123
75 98 s 124
75 99 s 125
75 102 s 161
75 126 s 139
75 131 s 140
75 132 s 141
75 133 s 142
75 134 s 143
75 135 s 144
75 136 s 145
75 137 s 146
75 167 s 147
75 168 s 148
75 169 s 149
76 90 r 213
76 91 r 213
76 95 r 213
76 100 r 213
76 102 r 213
76 103 r 213
76 105 s 18
76 126 r 213
76 149 s 27
76 150 s 28
76 151 s 29
76 152 s 30
76 153 s 31
76 154 s 32
76 155 s 33
76 156 s 34
76 157 s 35
76 158 s 36
76 159 s 37
76 160 s 38
76 161 s 39
76 162 s 40
76 163 s 41
76 164 s 42
76 165 s 43
76 166 s 44
77 90 r 215
77 91 r 215
77 95 r 215
77 100 r 215
77 102 r 215
77 103 r 215
77 105 s 18
77 126 r 215
77 149 s 27
77 150 s 28
77 151 s 29
77 152 s 30
77 153 s 31
77 154 s 32
77 155 s 33
77 156 s 34
77 157 s 35
77 158 s 36
77 159 s 37
77 160 s 38
77 161 s 39
77 162 s 40
77 163 s 41
77 164 s 42
77 165 s 43
77 166 s 44
78 93 s 181
78 105 s 18
78 149 s 27
78 150 s 28
78 151 s 29
78 152 s 30
78 153 s 31
78 154 s 32
78 155 s 33
78 156 s 34
78 157 s 35
78 158 s 36
78 159 s 37
78 160 s 38
78 161 s 39
78 162 s 40
78 163 s 41
78 164 s 42
78 165 s 43
78 166 s 44
79 93 r 227
79 105 r 227
79 149 r 227
79 150 r 227
79 151 r 227
79 152 r 227
79 153 r 227
79 154 r 227
79 155 r 227
79 156 r 227
79 157 r 227
79 158 r 227
79 159 r 227
79 160 r 227
79 161 r 227
79 162 r 227
79 163 r 227
79 164 r 227
79 165 r 227
79 166 r 227
80 90 s 16
80 95 s 185
80 100 s 186
80 102 s 17
80 126 s 21
81 105 s 18
81 149 s 27
81 150 s 28
81 151 s 29
81 152 s 30
81 153 s 31
81 154 s 32
81 155 s 33
81 156 s 34
81 157 s 35
81 158 s 36
81 159 s 37
81 160 s 38
81 161 s 39
81 162 s 40
81 163 s 41
81 164 s 42
81 165 s 43
81 166 s 44
82 92 r 41
82 105 r 41
82 109 r 41
82 110 r 41
82 144 r 41
82 145 r 41
82 146 r 41
82 147 r 41
82 148 r 41
82 149 r 41
82 150 r 41
82 151 r 41
82 152 r 41
82 153 r 41
82 154 r 41
82 155 r 41
82 156 r 41
82 157 r 41
82 158 r 41
82 159 r 41
82 160 r 41
82 161 r 41
82 162 r 41
82 163 r 41
82 164 r 41
82 165 r 41
82 166 r 41
83 90 r 99
83 102 r 99
83 105 r 99
83 109 r 99
83 110 r 99
83 126 r 99
83 144 r 99
83 145 r 99
83 146 r 99
83 147 r 99
83 148 r 99
83 149 r 99
83 150 r 99
83 151 r 99
83 152 r 99
83 153 r 99
83 154 r 99
83 155 r 99
83 156 r 99
83 157 r 99
83 158 r 99
83 159 r 99
83 160 r 99
83 161 r 99
83 162 r 99
83 163 r 99
83 164 r 99
83 165 r 99
83 166 r 99
83 170 r 99
84 78 r 112
84 79 s 75
84 100 r 112
85 75 r 23
85 76 r 23
85 77 r 23
85 90 r 23
85 92 r 23
85 93 r 23
85 96 r 23
85 97 r 23
85 98 r 23
85 99 r 23
85 100 r 23
85 102 r 23
85 105 r 23
85 109 r 23
85 110 r 23
85 111 r 23
85 113 r 23
85 114 r 23
85 115 r 23
85 116 r 23
85 117 r 23
85 118 r 23
85 119 r 23
85 120 r 23
85 123 r 23
85 125 r 23
85 126 r 23
85 131 r 23
85 132 r 23
85 133 r 23
85 134 r 23
85 135 r 23
85 136 r 23
85 137 r 23
85 144 r 23
85 145 r 23
85 146 r 23
85 147 r 23
85 148 r 23
85 149 r 23
85 150 r 23
85 151 r 23
85 152 r 23
85 153 r 23
85 154 r 23
85 155 r 23
85 156 r 23
85 157 r 23
85 158 r 23
85 159 r 23
85 160 r 23
85 161 r 23
85 162 r 23
85 163 r 23
85 164 r 23
85 165 r 23
85 166 r 23
85 167 r 23
85 168 r 23
85 169 r 23
86 75 r 24
86 76 r 24
86 77 r 24
86 90 r 24
86 92 r 24
86 93 r 24
86 96 r 24
86 97 r 24
86 98 r 24
86 99 r 24
86 100 r 24
86 102 r 24
86 105 r 24
86 109 r 24
86 110 r 24
86 111 r 24
86 113 r 24
86 114 r 24
86 115 r 24
86 116 r 24
86 117 r 24
86 118 r 24
86 119 r 24
86 120 r 24
86 123 r 24
86 125 r 24
86 126 r 24
86 131 r 24
86 132 r 24
86 133 r 24
86 134 r 24
86 135 r 24
86 136 r 24
86 137 r 24
86 144 r 24
86 145 r 24
86 146 r 24
86 147 r 24
86 148 r 24
86 149 r 24
86 150 r 24
86 151 r 24
86 152 r 24
86 153 r 24
86 154 r 24
86 155 r 24
86 156 r 24
86 157 r 24
86 158 r 24
86 159 r 24
86 160 r 24
86 161 r 24
86 162 r 24
86 163 r 24
86 164 r 24
86 165 r 24
86 166 r 24
86 167 r 24
86 168 r 24
86 169 r 24
87 75 r 216
87 76 r 216
87 77 r 216
87 90 r 216
87 92 r 216
87 93 r 216
87 96 r 216
87 97 r 216
87 98 r 216
87 99 r 216
87 100 r 216
87 102 r 216
87 105 r 216
87 109 r 216
87 110 r 216
87 111 r 216
87 113 r 216
87 114 r 216
87 115 r 216
87 116 r 216
87 117 r 216
87 118 r 216
87 119 r 216
87 120 r 216
87 123 r 216
87 125 r 216
87 126 r 216
87 131 r 216
87 132 r 216
87 133 r 216
87 134 r 216
87 135 r 216
87 136 r 216
87 137 r 216
87 144 r 216
87 145 r 216
87 146 r 216
87 147 r 216
87 148 r 216
87 149 r 216
87 150 r 216
87 151 r 216
87 152 r 216
87 153 r 216
87 154 r 216
87 155 r 216
87 156 r 216
87 157 r 216
87 158 r 216
87 159 r 216
87 160 r 216
87 161 r 216
87 162 r 216
87 163 r 216
87 164 r 216
87 165 r 216
87 166 r 216
87 167 r 216
87 168 r 216
87 169 r 216
88 75 r 217
88 76 r 217
88 77 r 217
88 90 r 217
88 92 r 217
88 93 r 217
88 96 r 217
88 97 r 217
88 98 r 217
88 99 r 217
88 100 r 217
88 102 r 217
88 105 r 217
88 109 r 217
88 110 r 217
88 111 r 217
88 113 r 217
88 114 r 217
88 115 r 217
88 116 r 217
88 117 r 217
88 118 r 217
88 119 r 217
88 120 r 217
88 123 r 217
88 125 r 217
88 126 r 217
88 131 r 217
88 132 r 217
88 133 r 217
88 134 r 217
88 135 r 217
88 136 r 217
88 137 r 217
88 144 r 217
88 145 r 217
88 146 r 217
88 147 r 217
88 148 r 217
88 149 r 217
88 150 r 217
88 151 r 217
88 152 r 217
88 153 r 217
88 154 r 217
88 155 r 217
88 156 r 217
88 157 r 217
88 158 r 217
88 159 r 217
88 160 r 217
88 161 r 217
88 162 r 217
88 163 r 217
88 164 r 217
88 165 r 217
88 166 r 217
88 167 r 217
88 168 r 217
88 169 r 217
89 75 r 168
89 76 r 168
89 77 r 168
89 90 r 168
89 92 r 168
89 93 r 168
89 96 r 168
89 97 r 168
89 98 r 168
89 99 r 168
89 100 r 168
89 102 r 168
89 105 r 168
89 109 r 168
89 110 r 168
89 111 r 168
89 113 r 168
89 114 r 168
89 115 r 168
89 116 r 168
89 117 r 168
89 118 r 168
89 119 r 168
89 120 r 168
89 123 r 168
89 124 r 168
89 125 r 168
89 126 r 168
89 131 r 168
89 132 r 168
89 133 r 168
89 134 r 168
89 135 r 168
89 136 r 168
89 137 r 168
89 144 r 168
89 145 r 168
89 146 r 168
89 147 r 168
89 148 r 168
89 149 r 168
89 150 r 168
89 151 r 168
89 152 r 168
89 153 r 168
89 154 r 168
89 155 r 168
89 156 r 168
89 157 r 168
89 158 r 168
89 159 r 168
89 160 r 168
89 161 r 168
89 162 r 168
89 163 r 168
89 164 r 168
89 165 r 168
89 166 r 168
89 167 r 168
89 168 r 168
89 169 r 168
90 75 r 279
90 76 r 279
90 77 r 279
90 90 r 279
90 92 r 279
90 93 r 279
90 96 r 279
90 97 r 279
90 98 r 279
90 99 r 279
90 100 r 279
90 102 r 279
90 105 r 279
90 109 r 279
90 110 r 279
90 111 r 279
90 113 r 279
90 114 r 279
90 115 r 279
90 116 r 279
90 117 r 279
90 118 r 279
90 119 r 279
90 120 r 279
90 123 r 279
90 125 r 279
90 126 r 279
90 131 r 279
90 132 r 279
90 133 r 279
90 134 r 279
90 135 r 279
90 136 r 279
90 137 r 279
90 144 r 279
90 145 r 279
90 146 r 279
90 147 r 279
90 148 r 279
90 149 r 279
90 150 r 279
90 151 r 279
90 152 r 279
90 153 r 279
90 154 r 279
90 155 r 279
90 156 r 279
90 157 r 279
90 158 r 279
90 159 r 279
90 160 r 279
90 161 r 279
90 162 r 279
90 163 r 279
90 164 r 279
90 165 r 279
90 166 r 279
90 167 r 279
90 168 r 279
90 169 r 279
91 75 r 170
91 76 r 170
91 77 r 170
91 90 r 170
91 92 r 170
91 93 r 170
91 96 r 170
91 97 r 170
91 98 r 170
91 99 r 170
91 100 r 170
91 102 r 170
91 105 r 170
91 109 r 170
91 110 r 170
91 111 r 170
91 113 r 170
91 114 r 170
91 115 r 170
91 116 r 170
91 117 r 170
91 118 r 170
91 119 r 170
91 120 r 170
91 123 r 170
91 124 r 170
91 125 r 170
91 126 r 170
91 131 r 170
91 132 r 170
91 133 r 170
91 134 r 170
91 135 r 170
91 136 r 170
91 137 r 170
91 144 r 170
91 145 r 170
91 146 r 170
91 147 r 170
91 148 r 170
91 149 r 170
91 150 r 170
91 151 r 170
91 152 r 170
91 153 r 170
91 154 r 170
91 155 r 170
91 156 r 170
91 157 r 170
91 158 r 170
91 159 r 170
91 160 r 170
91 161 r 170
91 162 r 170
91 163 r 170
91 164 r 170
91 165 r 170
91 166 r 170
91 167 r 170
91 168 r 170
91 169 r 170
92 75 r 171
92 76 r 171
92 77 r 171
92 90 r 171
92 92 r 171
92 93 r 171
92 96 r 171
92 97 r 171
92 98 r 171
92 99 r 171
92 100 r 171
92 102 r 171
92 105 r 171
92 109 r 171
92 110 r 171
92 111 r 171
92 113 r 171
92 114 r 171
92 115 r 171
92 116 r 171
92 117 r 171
92 118 r 171
92 119 r 171
92 120 r 171
92 123 r 171
92 124 r 171
92 125 r 171
92 126 r 171
92 131 r 171
92 132 r 171
92 133 r 171
92 134 r 171
92 135 r 171
92 136 r 171
92 137 r 171
92 144 r 171
92 145 r 171
92 146 r 171
92 147 r 171
92 148 r 171
92 149 r 171
92 150 r 171
92 151 r 171
92 152 r 171
92 153 r 171
92 154 r 171
92 155 r 171
92 156 r 171
92 157 r 171
92 158 r 171
92 159 r 171
92 160 r 171
92 161 r 171
92 162 r 171
92 163 r 171
92 164 r 171
92 165 r 171
92 166 r 171
92 167 r 171
92 168 r 171
92 169 r 171
93 75 s 117
93 76 s 118
93 77 s 119
93 90 s 120
93 92 s 60
93 93 s 189
93 96 s 122
93 97 s 123
93 98 s 124
93 99 s 125
93 100 s 126
93 102 s 127
93 105 s 18
93 109 s 19
93 110 s 20
93 111 s 128
93 113 s 129
93 114 s 130
93 115 s 131
93 116 s 132
93 117 s 133
93 118 s 134
93 119 s 135
93 120 s 136
93 123 s 137
93 125 s 138
93 126 s 139
93 131 s 140
93 132 s 141
93 133 s 142
93 134 s 143
93 135 s 144
93 136 s 145
93 137 s 146
93 144 s 22
93 145 s 23
93 146 s 24
93 147 s 25
93 148 s 26
93 149 s 27
93 150 s 28
93 151 s 29
93 152 s 30
93 153 s 31
93 154 s 32
93 155 s 33
93 156 s 34
93 157 s 35
93 158 s 36
93 159 s 37
93 160 s 38
93 161 s 39
93 162 s 40
93 163 s 41
93 164 s 42
93 165 s 43
93 166 s 44
93 167 s 147
93 168 s 148
93 169 s 149
94 75 r 25
94 76 r 25
94 77 r 25
94 90 r 25
94 92 r 25
94 93 r 25
94 96 r 25
94 97 r 25
94 98 r 25
94 99 r 25
94 100 r 25
94 102 r 25
94 105 r 25
94 109 r 25
94 110 r 25
94 111 r 25
94 113 r 25
94 114 r 25
94 115 r 25
94 116 r 25
94 117 r 25
94 118 r 25
94 119 r 25
94 120 r 25
94 123 r 25
94 125 r 25
94 126 r 25
94 131 r 25
94 132 r 25
94 133 r 25
94 134 r 25
94 135 r 25
94 136 r 25
94 137 r 25
94 144 r 25
94 145 r 25
94 146 r 25
94 147 r 25
94 148 r 25
94 149 r 25
94 150 r 25
94 151 r 25
94 152 r 25
94 153 r 25
94 154 r 25
94 155 r 25
94 156 r 25
94 157 r 25
94 158 r 25
94 159 r 25
94 160 r 25
94 161 r 25
94 162 r 25
94 163 r 25
94 164 r 25
94 165 r 25
94 166 r 25
94 167 r 25
94 168 r 25
94 169 r 25
95 75 r 169
95 76 r 169
95 77 r 169
95 90 r 169
95 92 r 169
95 93 r 169
95 96 r 169
95 97 r 169
95 98 r 169
95 99 r 169
95 100 r 169
95 102 r 169
95 105 r 169
95 109 r 169
95 110 r 169
95 111 r 169
95 113 r 169
95 114 r 169
95 115 r 169
95 116 r 169
95 117 r 169
95 118 r 169
95 119 r 169
95 120 r 169
95 123 r 169
95 124 r 169
95 125 r 169
95 126 r 169
95 131 r 169
95 132 r 169
95 133 r 169
95 134 r 169
95 135 r 169
95 136 r 169
95 137 r 169
95 144 r 169
95 145 r 169
95 146 r 169
95 147 r 169
95 148 r 169
95 149 r 169
95 150 r 169
95 151 r 169
95 152 r 169
95 153 r 169
95 154 r 169
95 155 r 169
95 156 r 169
95 157 r 169
95 158 r 169
95 159 r 169
95 160 r 169
95 161 r 169
95 162 r 169
95 163 r 169
95 164 r 169
95 165 r 169
95 166 r 169
95 167 r 169
95 168 r 169
95 169 r 169
96 75 r 280
96 76 r 280
96 77 r 280
96 90 r 280
96 92 r 280
96 93 r 280
96 96 r 280
96 97 r 280
96 98 r 280
96 99 r 280
96 100 r 280
96 102 r 280
96 105 r 280
96 109 r 280
96 110 r 280
96 111 r 280
96 113 r 280
96 114 r 280
96 115 r 280
96 116 r 280
96 117 r 280
96 118 r 280
96 119 r 280
96 120 r 280
96 123 r 280
96 125 r 280
96 126 r 280
96 131 r 280
96 132 r 280
96 133 r 280
96 134 r 280
96 135 r 280
96 136 r 280
96 137 r 280
96 144 r 280
96 145 r 280
96 146 r 280
96 147 r 280
96 148 r 280
96 149 r 280
96 150 r 280
96 151 r 280
96 152 r 280
96 153 r 280
96 154 r 280
96 155 r 280
96 156 r 280
96 157 r 280
96 158 r 280
96 159 r 280
96 160 r 280
96 161 r 280
96 162 r 280
96 163 r 280
96 164 r 280
96 165 r 280
96 166 r 280
96 167 r 280
96 168 r 280
96 169 r 280
97 75 r 172
97 76 r 172
97 77 r 172
97 90 r 172
97 92 r 172
97 93 r 172
97 96 r 172
97 97 r 172
97 98 r 172
97 99 r 172
97 100 r 172
97 102 r 172
97 105 r 172
97 109 r 172
97 110 r 172
97 111 r 172
97 113 r 172
97 114 r 172
97 115 r 172
97 116 r 172
97 117 r 172
97 118 r 172
97 119 r 172
97 120 r 172
97 123 r 172
97 124 r 172
97 125 r 172
97 126 r 172
97 131 r 172
97 132 r 172
97 133 r 172
97 134 r 172
97 135 r 172
97 136 r 172
97 137 r 172
97 144 r 172
97 145 r 172
97 146 r 172
97 147 r 172
97 148 r 172
97 149 r 172
97 150 r 172
97 151 r 172
97 152 r 172
97 153 r 172
97 154 r 172
97 155 r 172
97 156 r 172
97 157 r 172
97 158 r 172
97 159 r 172
97 160 r 172
97 161 r 172
97 162 r 172
97 163 r 172
97 164 r 172
97 165 r 172
97 166 r 172
97 167 r 172
97 168 r 172
97 169 r 172
98 78 s 190
98 100 s 191
99 78 r 92
99 91 r 92
99 95 r 92
99 100 r 92
99 104 r 92
100 78 r 10
100 91 r 10
100 93 r 10
100 95 r 10
100 100 r 10
100 104 r 10
101 78 r 31
101 91 r 31
101 93 r 31
101 94 s 192
101 95 r 31
101 100 r 31
101 104 r 31
101 122 s 193
102 78 r 164
102 91 r 164
102 93 r 164
102 94 r 164
102 95 r 164
102 100 r 164
102 104 r 164
102 121 s 194
102 122 r 164
103 78 r 162
103 91 r 162
103 93 r 162
103 94 r 162
103 95 r 162
103 100 r 162
103 104 r 162
103 112 s 195
103 121 r 162
103 122 r 162
104 78 r 110
104 91 r 110
104 93 r 110
104 94 r 110
104 95 r 110
104 100 r 110
104 104 r 110
104 108 s 196
104 112 r 110
104 121 r 110
104 122 r 110
105 77 s 197
105 78 r 90
105 91 r 90
105 93 r 90
105 94 r 90
105 95 r 90
105 100 r 90
105 104 r 90
105 108 r 90
105 112 r 90
105 121 r 90
105 122 r 90
106 77 r 6
106 78 r 6
106 91 r 6
106 93 r 6
106 94 r 6
106 95 r 6
106 100 r 6
106 104 r 6
106 106 s 198
106 107 s 199
106 108 r 6
106 112 r 6
106 121 r 6
106 122 r 6
107 77 r 87
107 78 r 87
107 91 r 87
107 93 r 87
107 94 r 87
107 95 r 87
107 100 r 87
107 104 r 87
107 106 r 87
107 107 r 87
107 108 r 87
107 112 r 87
107 121 r 87
107 122 r 87
107 138 s 200
107 139 s 201
107 140 s 202
107 141 s 203
108 77 r 204
108 78 r 204
108 91 r 204
108 93 r 204
108 94 r 204
108 95 r 204
108 100 r 204
108 104 r 204
108 106 r 204
108 107 r 204
108 108 r 204
108 112 r 204
108 121 r 204
108 122 r 204
108 138 r 204
108 139 r 204
108 140 r 204
108 141 r 204
108 142 s 204
108 143 s 205
109 75 s 206
109 76 s 207
109 77 r 209
109 78 r 209
109 91 r 209
109 93 r 209
109 94 r 209
109 95 r 209
109 100 r 209
109 104 r 209
109 106 r 209
109 107 r 209
109 108 r 209
109 112 r 209
109 121 r 209
109 122 r 209
109 138 r 209
109 139 r 209
109 140 r 209
109 141 r 209
109 142 r 209
109 143 r 209
110 75 r 3
110 76 r 3
110 77 r 3
110 78 r 3
110 91 r 3
110 93 r 3
110 94 r 3
110 95 r 3
110 100 r 3
110 104 r 3
110 106 r 3
110 107 r 3
110 108 r 3
110 112 r 3
110 121 r 3
110 122 r 3
110 126 s 208
110 127 s 209
110 128 s 210
110 138 r 3
110 139 r 3
110 140 r 3
110 141 r 3
110 142 r 3
110 143 r 3
111 75 r 173
111 76 r 173
111 77 r 173
111 78 r 173
111 91 r 173
111 93 r 173
111 94 r 173
111 95 r 173
111 100 r 173
111 104 r 173
111 106 r 173
111 107 r 173
111 108 r 173
111 112 r 173
111 121 r 173
111 122 r 173
111 126 r 173
111 127 r 173
111 128 r 173
111 138 r 173
111 139 r 173
111 140 r 173
111 141 r 173
111 142 r 173
111 143 r 173
112 75 r 27
112 76 r 27
112 77 r 27
112 78 r 27
112 79 s 212
112 80 s 213
112 81 s 214
112 82 s 215
112 83 s 216
112 84 s 217
112 85 s 218
112 86 s 219
112 87 s 220
112 88 s 221
112 89 s 222
112 91 r 27
112 93 r 27
112 94 r 27
112 95 r 27
112 100 r 27
112 104 r 27
112 106 r 27
112 107 r 27
112 108 r 27
112 112 r 27
112 121 r 27
112 122 r 27
112 126 r 27
112 127 r 27
112 128 r 27
112 138 r 27
112 139 r 27
112 140 r 27
112 141 r 27
112 142 r 27
112 143 r 27
113 75 s 117
113 76 s 118
113 77 s 119
113 90 s 120
113 96 s 122
113 97 s 123
113 98 s 124
113 99 s 125
113 102 s 161
113 126 s 139
113 131 s 140
113 132 s 141
113 133 s 142
113 134 s 143
113 135 s 144
113 136 s 145
113 137 s 146
113 167 s 147
113 168 s 148
113 169 s 149
114 75 r 264
114 76 r 264
114 77 r 264
114 78 r 264
114 79 r 264
114 80 r 264
114 81 r 264
114 82 r 264
114 83 r 264
114 84 r 264
114 85 r 264
114 86 r 264
114 87 r 264
114 88 r 264
114 89 r 264
114 90 s 224
114 91 r 264
114 93 r 264
114 94 r 264
114 95 r 264
114 100 r 264
114 101 s 225
114 103 s 226
114 104 r 264
114 106 r 264
114 107 r 264
114 108 r 264
114 112 r 264
114 121 r 264
114 122 r 264
114 126 r 264
114 127 r 264
114 128 r 264
114 130 s 227
114 131 s 228
114 132 s 229
114 138 r 264
114 139 r 264
114 140 r 264
114 141 r 264
114 142 r 264
114 143 r 264
115 75 r 188
115 76 r 188
115 77 r 188
115 78 r 188
115 79 r 188
115 80 r 188
115 81 r 188
115 82 r 188
115 83 r 188
115 84 r 188
115 85 r 188
115 86 r 188
115 87 r 188
115 88 r 188
115 89 r 188
115 90 r 188
115 91 r 188
115 93 r 188
115 94 r 188
115 95 r 188
115 100 r 188
115 101 r 188
115 103 r 188
115 104 r 188
115 106 r 188
115 107 r 188
115 108 r 188
115 112 r 188
115 121 r 188
115 122 r 188
115 126 r 188
115 127 r 188
115 128 r 188
115 130 r 188
115 131 r 188
115 132 r 188
115 138 r 188
115 139 r 188
115 140 r 188
115 141 r 188
115 142 r 188
115 143 r 188
116 75 r 197
116 76 r 197
116 77 r 197
116 78 r 197
116 79 r 197
116 80 r 197
116 81 r 197
116 82 r 197
116 83 r 197
116 84 r 197
116 85 r 197
116 86 r 197
116 87 r 197
116 88 r 197
116 89 r 197
116 90 r 197
116 91 r 197
116 93 r 197
116 94 r 197
116 95 r 197
116 100 r 197
116 101 r 197
116 103 r 197
116 104 r 197
116 106 r 197
116 107 r 197
116 108 r 197
116 112 r 197
116 121 r 197
116 122 r 197
116 126 r 197
116 127 r 197
116 128 r 197
116 130 r 197
116 131 r 197
116 132 r 197
116 138 r 197
116 139 r 197
116 140 r 197
116 141 r 197
116 142 r 197
116 143 r 197
117 75 r 272
117 76 r 272
117 77 r 272
117 90 r 272
117 96 r 272
117 97 r 272
117 98 r 272
117 99 r 272
117 102 r 272
117 126 r 272
117 131 r 272
117 132 r 272
117 133 r 272
117 134 r 272
117 135 r 272
117 136 r 272
117 137 r 272
117 167 r 272
117 168 r 272
117 169 r 272
118 75 r 273
118 76 r 273
118 77 r 273
118 90 r 273
118 96 r 273
118 97 r 273
118 98 r 273
118 99 r 273
118 102 r 273
118 126 r 273
118 131 r 273
118 132 r 273
118 133 r 273
118 134 r 273
118 135 r 273
118 136 r 273
118 137 r 273
118 167 r 273
118 168 r 273
118 169 r 273
119 75 r 270
119 76 r 270
119 77 r 270
119 90 r 270
119 96 r 270
119 97 r 270
119 98 r 270
119 99 r 270
119 102 r 270
119 126 r 270
119 131 r 270
119 132 r 270
119 133 r 270
119 134 r 270
119 135 r 270
119 136 r 270
119 137 r 270
119 167 r 270
119 168 r 270
119 169 r 270
120 75 s 117
120 76 s 118
120 77 s 119
120 90 s 120
120 96 s 122
120 97 s 123
120 98 s 124
120 99 s 125
120 102 s 161
120 105 s 18
120 126 s 139
120 131 s 140
120 132 s 141
120 133 s 142
120 134 s 143
120 135 s 144
120 136 s 145
120 137 s 146
120 149 s 27
120 150 s 28
120 151 s 29
120 152 s 30
120 153 s 31
120 154 s 32
120 155 s 33
120 156 s 34
120 157 s 35
120 158 s 36
120 159 s 37
120 160 s 38
120 161 s 39
120 162 s 40
120 163 s 41
120 164 s 42
120 165 s 43
120 166 s 44
120 167 s 147
120 168 s 148
120 169 s 149
121 75 r 30
121 76 r 30
121 77 r 30
121 90 r 30
121 92 r 30
121 93 r 30
121 96 r 30
121 97 r 30
121 98 r 30
121 99 r 30
121 100 r 30
121 102 r 30
121 105 r 30
121 109 r 30
121 110 r 30
121 111 r 30
121 113 r 30
121 114 r 30
121 115 r 30
121 116 r 30
121 117 r 30
121 118 r 30
121 119 r 30
121 120 r 30
121 123 r 30
121 124 r 30
121 125 r 30
121 126 r 30
121 131 r 30
121 132 r 30
121 133 r 30
121 134 r 30
121 135 r 30
121 136 r 30
121 137 r 30
121 144 r 30
121 145 r 30
121 146 r 30
121 147 r 30
121 148 r 30
121 149 r 30
121 150 r 30
121 151 r 30
121 152 r 30
121 153 r 30
121 154 r 30
121 155 r 30
121 156 r 30
121 157 r 30
121 158 r 30
121 159 r 30
121 160 r 30
121 161 r 30
121 162 r 30
121 163 r 30
121 164 r 30
121 165 r 30
121 166 r 30
121 167 r 30
121 168 r 30
121 169 r 30
121 170 r 30
122 75 r 33
122 76 r 33
122 77 r 33
122 78 r 33
122 79 r 33
122 80 r 33
122 81 r 33
122 82 r 33
122 83 r 33
122 84 r 33
122 85 r 33
122 86 r 33
122 87 r 33
122 88 r 33
122 89 r 33
122 90 r 33
122 91 r 33
122 93 r 33
122 94 r 33
122 95 r 33
122 100 r 33
122 101 r 33
122 103 r 33
122 104 r 33
122 106 r 33
122 107 r 33
122 108 r 33
122 112 r 33
122 121 r 33
122 122 r 33
122 126 r 33
122 127 r 33
122 128 r 33
122 130 r 33
122 131 r 33
122 132 r 33
122 138 r 33
122 139 r 33
122 140 r 33
122 141 r 33
122 142 r 33
122 143 r 33
123 75 r 34
123 76 r 34
123 77 r 34
123 78 r 34
123 79 r 34
123 80 r 34
123 81 r 34
123 82 r 34
123 83 r 34
123 84 r 34
123 85 r 34
123 86 r 34
123 87 r 34
123 88 r 34
123 89 r 34
123 90 r 34
123 91 r 34
123 93 r 34
123 94 r 34
123 95 r 34
123 100 r 34
123 101 r 34
123 103 r 34
123 104 r 34
123 106 r 34
123 107 r 34
123 108 r 34
123 112 r 34
123 121 r 34
123 122 r 34
123 126 r 34
123 127 r 34
123 128 r 34
123 130 r 34
123 131 r 34
123 132 r 34
123 138 r 34
123 139 r 34
123 140 r 34
123 141 r 34
123 142 r 34
123 143 r 34
124 75 r 35
124 76 r 35
124 77 r 35
124 78 r 35
124 79 r 35
124 80 r 35
124 81 r 35
124 82 r 35
124 83 r 35
124 84 r 35
124 85 r 35
124 86 r 35
124 87 r 35
124 88 r 35
124 89 r 35
124 90 r 35
124 91 r 35
124 93 r 35
124 94 r 35
124 95 r 35
124 100 r 35
124 101 r 35
124 103 r 35
124 104 r 35
124 106 r 35
124 107 r 35
124 108 r 35
124 112 r 35
124 121 r 35
124 122 r 35
124 126 r 35
124 127 r 35
124 128 r 35
124 130 r 35
124 131 r 35
124 132 r 35
124 138 r 35
124 139 r 35
124 140 r 35
124 141 r 35
124 142 r 35
124 143 r 35
125 75 r 36
125 76 r 36
125 77 r 36
125 78 r 36
125 79 r 36
125 80 r 36
125 81 r 36
125 82 r 36
125 83 r 36
125 84 r 36
125 85 r 36
125 86 r 36
125 87 r 36
125 88 r 36
125 89 r 36
125 90 r 36
125 91 r 36
125 93 r 36
125 94 r 36
125 95 r 36
125 100 r 36
125 101 r 36
125 103 r 36
125 104 r 36
125 106 r 36
125 107 r 36
125 108 r 36
125 112 r 36
125 121 r 36
125 122 r 36
125 126 r 36
125 127 r 36
125 128 r 36
125 130 r 36
125 131 r 36
125 132 r 36
125 138 r 36
125 139 r 36
125 140 r 36
125 141 r 36
125 142 r 36
125 143 r 36
126 75 r 95
126 76 r 95
126 77 r 95
126 90 r 95
126 92 r 95
126 93 r 95
126 96 r 95
126 97 r 95
126 98 r 95
126 99 r 95
126 100 r 95
126 102 r 95
126 105 r 95
126 109 r 95
126 110 r 95
126 111 r 95
126 113 r 95
126 114 r 95
126 115 r 95
126 116 r 95
126 117 r 95
126 118 r 95
126 119 r 95
126 120 r 95
126 123 r 95
126 124 r 95
126 125 r 95
126 126 r 95
126 131 r 95
126 132 r 95
126 133 r 95
126 134 r 95
126 135 r 95
126 136 r 95
126 137 r 95
126 144 r 95
126 145 r 95
126 146 r 95
126 147 r 95
126 148 r 95
126 149 r 95
126 150 r 95
126 151 r 95
126 152 r 95
126 153 r 95
126 154 r 95
126 155 r 95
126 156 r 95
126 157 r 95
126 158 r 95
126 159 r 95
126 160 r 95
126 161 r 95
126 162 r 95
126 163 r 95
126 164 r 95
126 165 r 95
126 166 r 95
126 167 r 95
126 168 r 95
126 169 r 95
127 75 r 196
127 76 r 196
127 77 r 196
127 78 r 196
127 79 r 196
127 80 r 196
127 81 r 196
127 82 r 196
127 83 r 196
127 84 r 196
127 85 r 196
127 86 r 196
127 87 r 196
127 88 r 196
127 89 r 196
127 90 r 196
127 94 r 196
127 95 s 232
127 100 r 196
127 101 r 196
127 103 r 196
127 106 r 196
127 107 r 196
127 108 r 196
127 112 r 196
127 121 r 196
127 122 r 196
127 126 r 196
127 127 r 196
127 128 r 196
127 130 r 196
127 131 r 196
127 132 r 196
127 138 r 196
127 139 r 196
127 140 r 196
127 141 r 196
127 142 r 196
127 143 r 196
128 95 s 233
129 90 s 234
130 75 s 117
130 76 s 118
130 77 s 119
130 90 s 120
130 92 s 60
130 96 s 122
130 97 s 123
130 98 s 124
130 99 s 125
130 100 s 126
130 102 s 127
130 111 s 128
130 113 s 129
130 114 s 130
130 115 s 131
130 116 s 132
130 117 s 133
130 118 s 134
130 119 s 135
130 120 s 136
130 123 s 137
130 125 s 138
130 126 s 139
130 131 s 140
130 132 s 141
130 133 s 142
130 134 s 143
130 135 s 144
130 136 s 145
130 137 s 146
130 167 s 147
130 168 s 148
130 169 s 149
131 90 s 237
132 102 s 238
133 100 s 239
134 100 s 240
135 75 s 117
135 76 s 118
135 77 s 119
135 90 s 120
135 96 s 122
135 97 s 123
135 98 s 124
135 99 s 125
135 100 s 242
135 102 s 161
135 126 s 139
135 131 s 140
135 132 s 141
135 133 s 142
135 134 s 143
135 135 s 144
135 136 s 145
135 137 s 146
135 167 s 147
135 168 s 148
135 169 s 149
136 75 s 117
136 76 s 118
136 77 s 119
136 90 s 120
136 96 s 122
136 97 s 123
136 98 s 124
136 99 s 125
136 102 s 161
136 126 s 139
136 131 s 140
136 132 s 141
136 133 s 142
136 134 s 143
136 135 s 144
136 136 s 145
136 137 s 146
136 167 s 147
136 168 s 148
136 169 s 149
137 90 s 244
138 90 s 245
139 75 r 271
139 76 r 271
139 77 r 271
139 90 r 271
139 96 r 271
139 97 r 271
139 98 r 271
139 99 r 271
139 102 r 271
139 126 r 271
139 131 r 271
139 132 r 271
139 133 r 271
139 134 r 271
139 135 r 271
139 136 r 271
139 137 r 271
139 167 r 271
139 168 r 271
139 169 r 271
140 75 s 117
140 76 s 118
140 77 s 119
140 90 s 247
140 96 s 122
140 97 s 123
140 98 s 124
140 99 s 125
140 102 s 161
140 126 s 139
140 131 s 140
140 132 s 141
140 133 s 142
140 134 s 143
140 135 s 144
140 136 s 145
140 137 s 146
140 167 s 147
140 168 s 148
140 169 s 149
141 75 s 117
141 76 s 118
141 77 s 119
141 90 s 247
141 96 s 122
141 97 s 123
141 98 s 124
141 99 s 125
141 102 s 161
141 126 s 139
141 131 s 140
141 132 s 141
141 133 s 142
141 134 s 143
141 135 s 144
141 136 s 145
141 137 s 146
141 167 s 147
141 168 s 148
141 169 s 149
142 75 r 198
142 76 r 198
142 77 r 198
142 78 r 198
142 79 r 198
142 80 r 198
142 81 r 198
142 82 r 198
142 83 r 198
142 84 r 198
142 85 r 198
142 86 r 198
142 87 r 198
142 88 r 198
142 89 r 198
142 90 r 198
142 91 r 198
142 93 r 198
142 94 r 198
142 95 r 198
142 100 r 198
142 101 r 198
142 103 r 198
142 104 r 198
142 106 r 198
142 107 r 198
142 108 r 198
142 112 r 198
142 121 r 198
142 122 r 198
142 126 r 198
142 127 r 198
142 128 r 198
142 130 r 198
142 131 r 198
142 132 r 198
142 138 r 198
142 139 r 198
142 140 r 198
142 141 r 198
142 142 r 198
142 143 r 198
143 75 r 200
143 76 r 200
143 77 r 200
143 78 r 200
143 79 r 200
143 80 r 200
143 81 r 200
143 82 r 200
143 83 r 200
143 84 r 200
143 85 r 200
143 86 r 200
143 87 r 200
143 88 r 200
143 89 r 200
143 90 r 200
143 91 r 200
143 93 r 200
143 94 r 200
143 95 r 200
143 100 r 200
143 101 r 200
143 103 r 200
143 104 r 200
143 106 r 200
143 107 r 200
143 108 r 200
143 112 r 200
143 121 r 200
143 122 r 200
143 126 r 200
143 127 r 200
143 128 r 200
143 130 r 200
143 131 r 200
143 132 r 200
143 138 r 200
143 139 r 200
143 140 r 200
143 141 r 200
143 142 r 200
143 143 r 200
144 75 r 201
144 76 r 201
144 77 r 201
144 78 r 201
144 79 r 201
144 80 r 201
144 81 r 201
144 82 r 201
144 83 r 201
144 84 r 201
144 85 r 201
144 86 r 201
144 87 r 201
144 88 r 201
144 89 r 201
144 90 r 201
144 91 r 201
144 93 r 201
144 94 r 201
144 95 r 201
144 100 r 201
144 101 r 201
144 103 r 201
144 104 r 201
144 106 r 201
144 107 r 201
144 108 r 201
144 112 r 201
144 121 r 201
144 122 r 201
144 126 r 201
144 127 r 201
144 128 r 201
144 130 r 201
144 131 r 201
144 132 r 201
144 138 r 201
144 139 r 201
144 140 r 201
144 141 r 201
144 142 r 201
144 143 r 201
145 75 r 202
145 76 r 202
145 77 r 202
145 78 r 202
145 79 r 202
145 80 r 202
145 81 r 202
145 82 r 202
145 83 r 202
145 84 r 202
145 85 r 202
145 86 r 202
145 87 r 202
145 88 r 202
145 89 r 202
145 90 r 202
145 91 r 202
145 93 r 202
145 94 r 202
145 95 r 202
145 100 r 202
145 101 r 202
145 103 r 202
145 104 r 202
145 106 r 202
145 107 r 202
145 108 r 202
145 112 r 202
145 121 r 202
145 122 r 202
145 126 r 202
145 127 r 202
145 128 r 202
145 130 r 202
145 131 r 202
145 132 r 202
145 138 r 202
145 139 r 202
145 140 r 202
145 141 r 202
145 142 r 202
145 143 r 202
146 90 s 249
147 75 s 117
147 76 s 118
147 77 s 119
147 90 s 251
147 96 s 122
147 97 s 123
147 98 s 124
147 99 s 125
147 102 s 161
147 126 s 139
147 131 s 140
147 132 s 141
147 133 s 142
147 134 s 143
147 135 s 144
147 136 s 145
147 137 s 146
147 167 s 147
147 168 s 148
147 169 s 149
148 75 r 274
148 76 r 274
148 77 r 274
148 90 r 274
148 96 r 274
148 97 r 274
148 98 r 274
148 99 r 274
148 102 r 274
148 126 r 274
148 131 r 274
148 132 r 274
148 133 r 274
148 134 r 274
148 135 r 274
148 136 r 274
148 137 r 274
148 167 r 274
148 168 r 274
148 169 r 274
149 75 r 275
149 76 r 275
149 77 r 275
149 90 r 275
149 96 r 275
149 97 r 275
149 98 r 275
149 99 r 275
149 102 r 275
149 126 r 275
149 131 r 275
149 132 r 275
149 133 r 275
149 134 r 275
149 135 r 275
149 136 r 275
149 137 r 275
149 167 r 275
149 168 r 275
149 169 r 275
150 78 r 179
150 90 s 256
150 91 r 179
150 102 s 17
150 103 s 257
150 126 s 21
151 91 s 258
152 78 s 259
152 91 r 182
153 78 r 180
153 91 r 180
154 78 s 260
154 91 s 261
155 78 r 78
155 79 r 78
155 90 r 78
155 91 r 78
155 92 r 78
155 95 r 78
155 100 r 78
155 103 r 78
155 105 r 78
155 109 r 78
155 110 r 78
155 144 r 78
155 145 r 78
155 146 r 78
155 147 r 78
155 148 r 78
155 149 r 78
155 150 r 78
155 151 r 78
155 152 r 78
155 153 r 78
155 154 r 78
155 155 r 78
155 156 r 78
155 157 r 78
155 158 r 78
155 159 r 78
155 160 r 78
155 161 r 78
155 162 r 78
155 163 r 78
155 164 r 78
155 165 r 78
155 166 r 78
156 78 r 108
156 91 r 108
157 75 s 117
157 76 s 118
157 77 s 119
157 90 s 120
157 96 s 122
157 97 s 123
157 98 s 124
157 99 s 125
157 102 s 161
157 104 s 263
157 126 s 139
157 131 s 140
157 132 s 141
157 133 s 142
157 134 s 143
157 135 s 144
157 136 s 145
157 137 s 146
157 151 s 29
157 152 s 30
157 153 s 31
157 167 s 147
157 168 s 148
157 169 s 149
158 78 r 37
158 93 r 37
158 95 r 37
158 100 r 37
158 104 r 37
159 104 s 264
160 75 r 27
160 76 r 27
160 77 r 27
160 78 r 27
160 79 r 27
160 80 r 27
160 81 r 27
160 82 r 27
160 83 r 27
160 84 r 27
160 85 r 27
160 86 r 27
160 87 r 27
160 88 r 27
160 89 r 27
160 91 r 27
160 93 r 27
160 94 r 27
160 95 r 27
160 100 r 27
160 104 r 27
160 106 r 27
160 107 r 27
160 108 r 27
160 112 r 27
160 121 r 27
160 122 r 27
160 126 r 27
160 127 r 27
160 128 r 27
160 138 r 27
160 139 r 27
160 140 r 27
160 141 r 27
160 142 r 27
160 143 r 27
161 75 r 196
161 76 r 196
161 77 r 196
161 78 r 196
161 79 r 196
161 80 r 196
161 81 r 196
161 82 r 196
161 83 r 196
161 84 r 196
161 85 r 196
161 86 r 196
161 87 r 196
161 88 r 196
161 89 r 196
161 90 r 196
161 91 r 196
161 93 r 196
161 94 r 196
161 95 r 196
161 100 r 196
161 101 r 196
161 103 r 196
161 104 r 196
161 106 r 196
161 107 r 196
161 108 r 196
161 112 r 196
161 121 r 196
161 122 r 196
161 126 r 196
161 127 r 196
161 128 r 196
161 130 r 196
161 131 r 196
161 132 r 196
161 138 r 196
161 139 r 196
161 140 r 196
161 141 r 196
161 142 r 196
161 143 r 196
162 78 r 73
162 79 r 73
162 90 r 73
162 91 r 73
162 92 r 73
162 95 r 73
162 100 r 73
162 103 r 73
162 105 r 73
162 109 r 73
162 110 r 73
162 144 r 73
162 145 r 73
162 146 r 73
162 147 r 73
162 148 r 73
162 149 r 73
162 150 r 73
162 151 r 73
162 152 r 73
162 153 r 73
162 154 r 73
162 155 r 73
162 156 r 73
162 157 r 73
162 158 r 73
162 159 r 73
162 160 r 73
162 161 r 73
162 162 r 73
162 163 r 73
162 164 r 73
162 165 r 73
162 166 r 73
163 78 r 71
163 79 r 71
163 90 r 71
163 91 r 71
163 92 r 71
163 95 r 71
163 100 r 71
163 103 r 71
163 105 r 71
163 109 r 71
163 110 r 71
163 144 r 71
163 145 r 71
163 146 r 71
163 147 r 71
163 148 r 71
163 149 r 71
163 150 r 71
163 151 r 71
163 152 r 71
163 153 r 71
163 154 r 71
163 155 r 71
163 156 r 71
163 157 r 71
163 158 r 71
163 159 r 71
163 160 r 71
163 161 r 71
163 162 r 71
163 163 r 71
163 164 r 71
163 165 r 71
163 166 r 71
164 78 s 265
164 93 s 266
165 78 r 84
165 93 r 84
166 78 r 82
166 79 s 267
166 93 r 82
167 102 s 166
168 75 r 247
168 76 r 247
168 77 r 247
168 78 r 247
168 90 r 247
168 91 r 247
168 95 r 247
168 96 r 247
168 97 r 247
168 98 r 247
168 99 r 247
168 102 r 247
168 103 r 247
168 104 r 247
168 126 r 247
168 131 r 247
168 132 r 247
168 133 r 247
168 134 r 247
168 135 r 247
168 136 r 247
168 137 r 247
168 151 r 247
168 152 r 247
168 153 r 247
168 167 r 247
168 168 r 247
168 169 r 247
169 78 r 186
169 90 r 186
169 91 r 186
169 95 r 186
169 102 r 186
169 103 r 186
170 90 s 271
170 91 r 242
170 95 r 242
170 103 s 257
170 126 s 21
171 91 s 272
172 91 s 273
173 78 r 115
173 100 r 115
174 90 r 98
174 102 r 98
174 105 r 98
174 109 r 98
174 110 r 98
174 126 r 98
174 144 r 98
174 145 r 98
174 146 r 98
174 147 r 98
174 148 r 98
174 149 r 98
174 150 r 98
174 151 r 98
174 152 r 98
174 153 r 98
174 154 r 98
174 155 r 98
174 156 r 98
174 157 r 98
174 158 r 98
174 159 r 98
174 160 r 98
174 161 r 98
174 162 r 98
174 163 r 98
174 164 r 98
174 165 r 98
174 166 r 98
174 170 r 98
175 78 r 113
175 100 r 113
176 78 r 116
176 93 r 116
176 100 r 116
177 75 s 117
177 76 s 118
177 77 s 119
177 90 s 120
177 92 s 177
177 96 s 122
177 97 s 123
177 98 s 124
177 99 s 125
177 101 s 279
177 102 s 161
177 103 s 280
177 126 s 139
177 131 s 140
177 132 s 141
177 133 s 142
177 134 s 143
177 135 s 144
177 136 s 145
177 137 s 146
177 167 s 147
177 168 s 148
177 169 s 149
178 90 r 212
178 91 r 212
178 95 r 212
178 100 r 212
178 102 r 212
178 103 r 212
178 126 r 212
179 90 r 214
179 91 r 214
179 95 r 214
179 100 r 214
179 102 r 214
179 103 r 214
179 126 r 214
180 93 r 228
180 105 r 228
180 149 r 228
180 150 r 228
180 151 r 228
180 152 r 228
180 153 r 228
180 154 r 228
180 155 r 228
180 156 r 228
180 157 r 228
180 158 r 228
180 159 r 228
180 160 r 228
180 161 r 228
180 162 r 228
180 163 r 228
180 164 r 228
180 165 r 228
180 166 r 228
181 78 r 237
181 90 r 237
181 91 r 237
181 95 r 237
181 100 r 237
181 102 r 237
181 103 r 237
181 105 r 237
181 109 r 237
181 110 r 237
181 126 r 237
181 144 r 237
181 145 r 237
181 146 r 237
181 147 r 237
181 148 r 237
181 149 r 237
181 150 r 237
181 151 r 237
181 152 r 237
181 153 r 237
181 154 r 237
181 155 r 237
181 156 r 237
181 157 r 237
181 158 r 237
181 159 r 237
181 160 r 237
181 161 r 237
181 162 r 237
181 163 r 237
181 164 r 237
181 165 r 237
181 166 r 237
182 78 s 281
182 100 s 282
183 78 r 232
183 100 r 232
184 78 r 229
184 95 s 283
184 100 r 229
185 75 s 117
185 76 s 118
185 77 s 119
185 90 s 120
185 96 s 122
185 97 s 123
185 98 s 124
185 99 s 125
185 102 s 161
185 126 s 139
185 131 s 140
185 132 s 141
185 133 s 142
185 134 s 143
185 135 s 144
185 136 s 145
185 137 s 146
185 167 s 147
185 168 s 148
185 169 s 149
186 93 r 226
186 105 r 226
186 149 r 226
186 150 r 226
186 151 r 226
186 152 r 226
186 153 r 226
186 154 r 226
186 155 r 226
186 156 r 226
186 157 r 226
186 158 r 226
186 159 r 226
186 160 r 226
186 161 r 226
186 162 r 226
186 163 r 226
186 164 r 226
186 165 r 226
186 166 r 226
187 93 s 285
187 105 s 18
187 149 s 27
187 150 s 28
187 151 s 29
187 152 s 30
187 153 s 31
187 154 s 32
187 155 s 33
187 156 s 34
187 157 s 35
187 158 s 36
187 159 s 37
187 160 s 38
187 161 s 39
187 162 s 40
187 163 s 41
187 164 s 42
187 165 s 43
187 166 s 44
188 75 r 26
188 76 r 26
188 77 r 26
188 90 r 26
188 92 r 26
188 93 r 26
188 96 r 26
188 97 r 26
188 98 r 26
188 99 r 26
188 100 r 26
188 102 r 26
188 105 r 26
188 109 r 26
188 110 r 26
188 111 r 26
188 113 r 26
188 114 r 26
188 115 r 26
188 116 r 26
188 117 r 26
188 118 r 26
188 119 r 26
188 120 r 26
188 123 r 26
188 125 r 26
188 126 r 26
188 131 r 26
188 132 r 26
188 133 r 26
188 134 r 26
188 135 r 26
188 136 r 26
188 137 r 26
188 144 r 26
188 145 r 26
188 146 r 26
188 147 r 26
188 148 r 26
188 149 r 26
188 150 r 26
188 151 r 26
188 152 r 26
188 153 r 26
188 154 r 26
188 155 r 26
188 156 r 26
188 157 r 26
188 158 r 26
188 159 r 26
188 160 r 26
188 161 r 26
188 162 r 26
188 163 r 26
188 164 r 26
188 165 r 26
188 166 r 26
188 167 r 26
188 168 r 26
188 169 r 26
189 75 r 29
189 76 r 29
189 77 r 29
189 90 r 29
189 92 r 29
189 93 r 29
189 96 r 29
189 97 r 29
189 98 r 29
189 99 r 29
189 100 r 29
189 102 r 29
189 105 r 29
189 109 r 29
189 110 r 29
189 111 r 29
189 113 r 29
189 114 r 29
189 115 r 29
189 116 r 29
189 117 r 29
189 118 r 29
189 119 r 29
189 120 r 29
189 123 r 29
189 124 r 29
189 125 r 29
189 126 r 29
189 131 r 29
189 132 r 29
189 133 r 29
189 134 r 29
189 135 r 29
189 136 r 29
189 137 r 29
189 144 r 29
189 145 r 29
189 146 r 29
189 147 r 29
189 148 r 29
189 149 r 29
189 150 r 29
189 151 r 29
189 152 r 29
189 153 r 29
189 154 r 29
189 155 r 29
189 156 r 29
189 157 r 29
189 158 r 29
189 159 r 29
189 160 r 29
189 161 r 29
189 162 r 29
189 163 r 29
189 164 r 29
189 165 r 29
189 166 r 29
189 167 r 29
189 168 r 29
189 169 r 29
189 170 r 29
190 75 s 117
190 76 s 118
190 77 s 119
190 90 s 120
190 96 s 122
190 97 s 123
190 98 s 124
190 99 s 125
190 102 s 161
190 126 s 139
190 131 s 140
190 132 s 141
190 133 s 142
190 134 s 143
190 135 s 144
190 136 s 145
190 137 s 146
190 167 s 147
190 168 s 148
190 169 s 149
191 75 r 94
191 76 r 94
191 77 r 94
191 90 r 94
191 92 r 94
191 93 r 94
191 96 r 94
191 97 r 94
191 98 r 94
191 99 r 94
191 100 r 94
191 102 r 94
191 105 r 94
191 109 r 94
191 110 r 94
191 111 r 94
191 113 r 94
191 114 r 94
191 115 r 94
191 116 r 94
191 117 r 94
191 118 r 94
191 119 r 94
191 120 r 94
191 123 r 94
191 124 r 94
191 125 r 94
191 126 r 94
191 131 r 94
191 132 r 94
191 133 r 94
191 134 r 94
191 135 r 94
191 136 r 94
191 137 r 94
191 144 r 94
191 145 r 94
191 146 r 94
191 147 r 94
191 148 r 94
191 149 r 94
191 150 r 94
191 151 r 94
191 152 r 94
191 153 r 94
191 154 r 94
191 155 r 94
191 156 r 94
191 157 r 94
191 158 r 94
191 159 r 94
191 160 r 94
191 161 r 94
191 162 r 94
191 163 r 94
191 164 r 94
191 165 r 94
191 166 r 94
191 167 r 94
191 168 r 94
191 169 r 94
192 75 s 117
192 76 s 118
192 77 s 119
192 90 s 120
192 96 s 122
192 97 s 123
192 98 s 124
192 99 s 125
192 102 s 161
192 126 s 139
192 131 s 140
192 132 s 141
192 133 s 142
192 134 s 143
192 135 s 144
192 136 s 145
192 137 s 146
192 167 s 147
192 168 s 148
192 169 s 149
193 75 s 117
193 76 s 118
193 77 s 119
193 90 s 120
193 96 s 122
193 97 s 123
193 98 s 124
193 99 s 125
193 102 s 161
193 126 s 139
193 131 s 140
193 132 s 141
193 133 s 142
193 134 s 143
193 135 s 144
193 136 s 145
193 137 s 146
193 167 s 147
193 168 s 148
193 169 s 149
194 75 s 117
194 76 s 118
194 77 s 119
194 90 s 120
194 96 s 122
194 97 s 123
194 98 s 124
194 99 s 125
194 102 s 161
194 126 s 139
194 131 s 140
194 132 s 141
194 133 s 142
194 134 s 143
194 135 s 144
194 136 s 145
194 137 s 146
194 167 s 147
194 168 s 148
194 169 s 149
195 75 s 117
195 76 s 118
195 77 s 119
195 90 s 120
195 96 s 122
195 97 s 123
195 98 s 124
195 99 s 125
195 102 s 161
195 126 s 139
195 131 s 140
195 132 s 141
195 133 s 142
195 134 s 143
195 135 s 144
195 136 s 145
195 137 s 146
195 167 s 147
195 168 s 148
195 169 s 149
196 75 s 117
196 76 s 118
196 77 s 119
196 90 s 120
196 96 s 122
196 97 s 123
196 98 s 124
196 99 s 125
196 102 s 161
196 126 s 139
196 131 s 140
196 132 s 141
196 133 s 142
196 134 s 143
196 135 s 144
196 136 s 145
196 137 s 146
196 167 s 147
196 168 s 148
196 169 s 149
197 75 s 117
197 76 s 118
197 77 s 119
197 90 s 120
197 96 s 122
197 97 s 123
197 98 s 124
197 99 s 125
197 102 s 161
197 126 s 139
197 131 s 140
197 132 s 141
197 133 s 142
197 134 s 143
197 135 s 144
197 136 s 145
197 137 s 146
197 167 s 147
197 168 s 148
197 169 s 149
198 75 s 117
198 76 s 118
198 77 s 119
198 90 s 120
198 96 s 122
198 97 s 123
198 98 s 124
198 99 s 125
198 102 s 161
198 126 s 139
198 131 s 140
198 132 s 141
198 133 s 142
198 134 s 143
198 135 s 144
198 136 s 145
198 137 s 146
198 167 s 147
198 168 s 148
198 169 s 149
199 75 s 117
199 76 s 118
199 77 s 119
199 90 s 120
199 96 s 122
199 97 s 123
199 98 s 124
199 99 s 125
199 102 s 161
199 126 s 139
199 131 s 140
199 132 s 141
199 133 s 142
199 134 s 143
199 135 s 144
199 136 s 145
199 137 s 146
199 167 s 147
199 168 s 148
199 169 s 149
200 75 s 117
200 76 s 118
200 77 s 119
200 90 s 120
200 96 s 122
200 97 s 123
200 98 s 124
200 99 s 125
200 102 s 161
200 126 s 139
200 131 s 140
200 132 s 141
200 133 s 142
200 134 s 143
200 135 s 144
200 136 s 145
200 137 s 146
200 167 s 147
200 168 s 148
200 169 s 149
201 75 s 117
201 76 s 118
201 77 s 119
201 90 s 120
201 96 s 122
201 97 s 123
201 98 s 124
201 99 s 125
201 102 s 161
201 126 s 139
201 131 s 140
201 132 s 141
201 133 s 142
201 134 s 143
201 135 s 144
201 136 s 145
201 137 s 146
201 167 s 147
201 168 s 148
201 169 s 149
202 75 s 117
202 76 s 118
202 77 s 119
202 90 s 120
202 96 s 122
202 97 s 123
202 98 s 124
202 99 s 125
202 102 s 161
202 126 s 139
202 131 s 140
202 132 s 141
202 133 s 142
202 134 s 143
202 135 s 144
202 136 s 145
202 137 s 146
202 167 s 147
202 168 s 148
202 169 s 149
203 75 s 117
203 76 s 118
203 77 s 119
203 90 s 120
203 96 s 122
203 97 s 123
203 98 s 124
203 99 s 125
203 102 s 161
203 126 s 139
203 131 s 140
203 132 s 141
203 133 s 142
203 134 s 143
203 135 s 144
203 136 s 145
203 137 s 146
203 167 s 147
203 168 s 148
203 169 s 149
204 75 s 117
204 76 s 118
204 77 s 119
204 90 s 120
204 96 s 122
204 97 s 123
204 98 s 124
204 99 s 125
204 102 s 161
204 126 s 139
204 131 s 140
204 132 s 141
204 133 s 142
204 134 s 143
204 135 s 144
204 136 s 145
204 137 s 146
204 167 s 147
204 168 s 148
204 169 s 149
205 75 s 117
205 76 s 118
205 77 s 119
205 90 s 120
205 96 s 122
205 97 s 123
205 98 s 124
205 99 s 125
205 102 s 161
205 126 s 139
205 131 s 140
205 132 s 141
205 133 s 142
205 134 s 143
205 135 s 144
205 136 s 145
205 137 s 146
205 167 s 147
205 168 s 148
205 169 s 149
206 75 s 117
206 76 s 118
206 77 s 119
206 90 s 120
206 96 s 122
206 97 s 123
206 98 s 124
206 99 s 125
206 102 s 161
206 126 s 139
206 131 s 140
206 132 s 141
206 133 s 142
206 134 s 143
206 135 s 144
206 136 s 145
206 137 s 146
206 167 s 147
206 168 s 148
206 169 s 149
207 75 s 117
207 76 s 118
207 77 s 119
207 90 s 120
207 96 s 122
207 97 s 123
207 98 s 124
207 99 s 125
207 102 s 161
207 126 s 139
207 131 s 140
207 132 s 141
207 133 s 142
207 134 s 143
207 135 s 144
207 136 s 145
207 137 s 146
207 167 s 147
207 168 s 148
207 169 s 149
208 75 s 117
208 76 s 118
208 77 s 119
208 90 s 120
208 96 s 122
208 97 s 123
208 98 s 124
208 99 s 125
208 102 s 161
208 126 s 139
208 131 s 140
208 132 s 141
208 133 s 142
208 134 s 143
208 135 s 144
208 136 s 145
208 137 s 146
208 167 s 147
208 168 s 148
208 169 s 149
209 75 s 117
209 76 s 118
209 77 s 119
209 90 s 120
209 96 s 122
209 97 s 123
209 98 s 124
209 99 s 125
209 102 s 161
209 126 s 139
209 131 s 140
209 132 s 141
209 133 s 142
209 134 s 143
209 135 s 144
209 136 s 145
209 137 s 146
209 167 s 147
209 168 s 148
209 169 s 149
210 75 s 117
210 76 s 118
210 77 s 119
210 90 s 120
210 96 s 122
210 97 s 123
210 98 s 124
210 99 s 125
210 102 s 161
210 126 s 139
210 131 s 140
210 132 s 141
210 133 s 142
210 134 s 143
210 135 s 144
210 136 s 145
210 137 s 146
210 167 s 147
210 168 s 148
210 169 s 149
211 75 s 117
211 76 s 118
211 77 s 119
211 90 s 120
211 96 s 122
211 97 s 123
211 98 s 124
211 99 s 125
211 102 s 161
211 126 s 139
211 131 s 140
211 132 s 141
211 133 s 142
211 134 s 143
211 135 s 144
211 136 s 145
211 137 s 146
211 167 s 147
211 168 s 148
211 169 s 149
212 75 r 12
212 76 r 12
212 77 r 12
212 90 r 12
212 96 r 12
212 97 r 12
212 98 r 12
212 99 r 12
212 102 r 12
212 126 r 12
212 131 r 12
212 132 r 12
212 133 r 12
212 134 r 12
212 135 r 12
212 136 r 12
212 137 r 12
212 167 r 12
212 168 r 12
212 169 r 12
213 75 r 13
213 76 r 13
213 77 r 13
213 90 r 13
213 96 r 13
213 97 r 13
213 98 r 13
213 99 r 13
213 102 r 13
213 126 r 13
213 131 r 13
213 132 r 13
213 133 r 13
213 134 r 13
213 135 r 13
213 136 r 13
213 137 r 13
213 167 r 13
213 168 r 13
213 169 r 13
214 75 r 14
214 76 r 14
214 77 r 14
214 90 r 14
214 96 r 14
214 97 r 14
214 98 r 14
214 99 r 14
214 102 r 14
214 126 r 14
214 131 r 14
214 132 r 14
214 133 r 14
214 134 r 14
214 135 r 14
214 136 r 14
214 137 r 14
214 167 r 14
214 168 r 14
214 169 r 14
215 75 r 15
215 76 r 15
215 77 r 15
215 90 r 15
215 96 r 15
215 97 r 15
215 98 r 15
215 99 r 15
215 102 r 15
215 126 r 15
215 131 r 15
215 132 r 15
215 133 r 15
215 134 r 15
215 135 r 15
215 136 r 15
215 137 r 15
215 167 r 15
215 168 r 15
215 169 r 15
216 75 r 16
216 76 r 16
216 77 r 16
216 90 r 16
216 96 r 16
216 97 r 16
216 98 r 16
216 99 r 16
216 102 r 16
216 126 r 16
216 131 r 16
216 132 r 16
216 133 r 16
216 134 r 16
216 135 r 16
216 136 r 16
216 137 r 16
216 167 r 16
216 168 r 16
216 169 r 16
217 75 r 17
217 76 r 17
217 77 r 17
217 90 r 17
217 96 r 17
217 97 r 17
217 98 r 17
217 99 r 17
217 102 r 17
217 126 r 17
217 131 r 17
217 132 r 17
217 133 r 17
217 134 r 17
217 135 r 17
217 136 r 17
217 137 r 17
217 167 r 17
217 168 r 17
217 169 r 17
218 75 r 18
218 76 r 18
218 77 r 18
218 90 r 18
218 96 r 18
218 97 r 18
218 98 r 18
218 99 r 18
218 102 r 18
218 126 r 18
218 131 r 18
218 132 r 18
218 133 r 18
218 134 r 18
218 135 r 18
218 136 r 18
218 137 r 18
218 167 r 18
218 168 r 18
218 169 r 18
219 75 r 19
219 76 r 19
219 77 r 19
219 90 r 19
219 96 r 19
219 97 r 19
219 98 r 19
219 99 r 19
219 102 r 19
219 126 r 19
219 131 r 19
219 132 r 19
219 133 r 19
219 134 r 19
219 135 r 19
219 136 r 19
219 137 r 19
219 167 r 19
219 168 r 19
219 169 r 19
220 75 r 20
220 76 r 20
220 77 r 20
220 90 r 20
220 96 r 20
220 97 r 20
220 98 r 20
220 99 r 20
220 102 r 20
220 126 r 20
220 131 r 20
220 132 r 20
220 133 r 20
220 134 r 20
220 135 r 20
220 136 r 20
220 137 r 20
220 167 r 20
220 168 r 20
220 169 r 20
221 75 r 21
221 76 r 21
221 77 r 21
221 90 r 21
221 96 r 21
221 97 r 21
221 98 r 21
221 99 r 21
221 102 r 21
221 126 r 21
221 131 r 21
221 132 r 21
221 133 r 21
221 134 r 21
221 135 r 21
221 136 r 21
221 137 r 21
221 167 r 21
221 168 r 21
221 169 r 21
222 75 r 22
222 76 r 22
222 77 r 22
222 90 r 22
222 96 r 22
222 97 r 22
222 98 r 22
222 99 r 22
222 102 r 22
222 126 r 22
222 131 r 22
222 132 r 22
222 133 r 22
222 134 r 22
222 135 r 22
222 136 r 22
222 137 r 22
222 167 r 22
222 168 r 22
222 169 r 22
223 75 r 267
223 76 r 267
223 77 r 267
223 78 r 267
223 79 r 267
223 80 r 267
223 81 r 267
223 82 r 267
223 83 r 267
223 84 r 267
223 85 r 267
223 86 r 267
223 87 r 267
223 88 r 267
223 89 r 267
223 91 r 267
223 93 r 267
223 94 r 267
223 95 r 267
223 100 r 267
223 104 r 267
223 106 r 267
223 107 r 267
223 108 r 267
223 112 r 267
223 121 r 267
223 122 r 267
223 126 r 267
223 127 r 267
223 128 r 267
223 138 r 267
223 139 r 267
223 140 r 267
223 141 r 267
223 142 r 267
223 143 r 267
224 75 s 117
224 76 s 118
224 77 s 119
224 90 s 120
224 91 s 309
224 96 s 122
224 97 s 123
224 98 s 124
224 99 s 125
224 102 s 161
224 126 s 139
224 131 s 140
224 132 s 141
224 133 s 142
224 134 s 143
224 135 s 144
224 136 s 145
224 137 s 146
224 167 s 147
224 168 s 148
224 169 s 149
225 102 s 310
226 75 s 117
226 76 s 118
226 77 s 119
226 90 s 120
226 96 s 122
226 97 s 123
226 98 s 124
226 99 s 125
226 102 s 161
226 126 s 139
226 131 s 140
226 132 s 141
226 133 s 142
226 134 s 143
226 135 s 144
226 136 s 145
226 137 s 146
226 167 s 147
226 168 s 148
226 169 s 149
227 102 s 312
228 75 r 194
228 76 r 194
228 77 r 194
228 78 r 194
228 79 r 194
228 80 r 194
228 81 r 194
228 82 r 194
228 83 r 194
228 84 r 194
228 85 r 194
228 86 r 194
228 87 r 194
228 88 r 194
228 89 r 194
228 90 r 194
228 91 r 194
228 93 r 194
228 94 r 194
228 95 r 194
228 100 r 194
228 101 r 194
228 103 r 194
228 104 r 194
228 106 r 194
228 107 r 194
228 108 r 194
228 112 r 194
228 121 r 194
228 122 r 194
228 126 r 194
228 127 r 194
228 128 r 194
228 130 r 194
228 131 r 194
228 132 r 194
228 138 r 194
228 139 r 194
228 140 r 194
228 141 r 194
228 142 r 194
228 143 r 194
229 75 r 195
229 76 r 195
229 77 r 195
229 78 r 195
229 79 r 195
229 80 r 195
229 81 r 195
229 82 r 195
229 83 r 195
229 84 r 195
229 85 r 195
229 86 r 195
229 87 r 195
229 88 r 195
229 89 r 195
229 90 r 195
229 91 r 195
229 93 r 195
229 94 r 195
229 95 r 195
229 100 r 195
229 101 r 195
229 103 r 195
229 104 r 195
229 106 r 195
229 107 r 195
229 108 r 195
229 112 r 195
229 121 r 195
229 122 r 195
229 126 r 195
229 127 r 195
229 128 r 195
229 130 r 195
229 131 r 195
229 132 r 195
229 138 r 195
229 139 r 195
229 140 r 195
229 141 r 195
229 142 r 195
229 143 r 195
230 91 s 313
231 78 s 190
231 91 s 314
232 75 s 117
232 76 s 118
232 77 s 119
232 90 s 120
232 92 s 60
232 96 s 122
232 97 s 123
232 98 s 124
232 99 s 125
232 100 s 126
232 102 s 127
232 111 s 128
232 113 s 129
232 114 s 130
232 115 s 131
232 116 s 132
232 117 s 133
232 118 s 134
232 119 s 135
232 120 s 136
232 123 s 137
232 125 s 138
232 126 s 139
232 131 s 140
232 132 s 141
232 133 s 142
232 134 s 143
232 135 s 144
232 136 s 145
232 137 s 146
232 167 s 147
232 168 s 148
232 169 s 149
233 75 s 117
233 76 s 118
233 77 s 119
233 90 s 120
233 92 s 60
233 96 s 122
233 97 s 123
233 98 s 124
233 99 s 125
233 100 s 126
233 102 s 127
233 111 s 128
233 113 s 129
233 114 s 130
233 115 s 131
233 116 s 132
233 117 s 133
233 118 s 134
233 119 s 135
233 120 s 136
233 123 s 137
233 125 s 138
233 126 s 139
233 131 s 140
233 132 s 141
233 133 s 142
233 134 s 143
233 135 s 144
233 136 s 145
233 137 s 146
233 167 s 147
233 168 s 148
233 169 s 149
234 75 s 117
234 76 s 118
234 77 s 119
234 90 s 120
234 96 s 122
234 97 s 123
234 98 s 124
234 99 s 125
234 102 s 161
234 126 s 139
234 131 s 140
234 132 s 141
234 133 s 142
234 134 s 143
234 135 s 144
234 136 s 145
234 137 s 146
234 167 s 147
234 168 s 148
234 169 s 149
235 113 s 320
236 113 s 321
237 75 s 117
237 76 s 118
237 77 s 119
237 90 s 120
237 96 s 122
237 97 s 123
237 98 s 124
237 99 s 125
237 100 s 324
237 102 s 161
237 105 s 18
237 109 s 19
237 110 s 20
237 126 s 139
237 131 s 140
237 132 s 141
237 133 s 142
237 134 s 143
237 135 s 144
237 136 s 145
237 137 s 146
237 144 s 22
237 145 s 23
237 146 s 24
237 147 s 25
237 148 s 26
237 149 s 27
237 150 s 28
237 151 s 29
237 152 s 30
237 153 s 31
237 154 s 32
237 155 s 33
237 156 s 34
237 157 s 35
237 158 s 36
237 159 s 37
237 160 s 38
237 161 s 39
237 162 s 40
237 163 s 41
237 164 s 42
237 165 s 43
237 166 s 44
237 167 s 147
237 168 s 148
237 169 s 149
238 100 s 325
239 75 r 152
239 76 r 152
239 77 r 152
239 90 r 152
239 92 r 152
239 93 r 152
239 96 r 152
239 97 r 152
239 98 r 152
239 99 r 152
239 100 r 152
239 102 r 152
239 105 r 152
239 109 r 152
239 110 r 152
239 111 r 152
239 113 r 152
239 114 r 152
239 115 r 152
239 116 r 152
239 117 r 152
239 118 r 152
239 119 r 152
239 120 r 152
239 123 r 152
239 124 r 152
239 125 r 152
239 126 r 152
239 131 r 152
239 132 r 152
239 133 r 152
239 134 r 152
239 135 r 152
239 136 r 152
239 137 r 152
239 144 r 152
239 145 r 152
239 146 r 152
239 147 r 152
239 148 r 152
239 149 r 152
239 150 r 152
239 151 r 152
239 152 r 152
239 153 r 152
239 154 r 152
239 155 r 152
239 156 r 152
239 157 r 152
239 158 r 152
239 159 r 152
239 160 r 152
239 161 r 152
239 162 r 152
239 163 r 152
239 164 r 152
239 165 r 152
239 166 r 152
239 167 r 152
239 168 r 152
239 169 r 152
240 75 r 153
240 76 r 153
240 77 r 153
240 90 r 153
240 92 r 153
240 93 r 153
240 96 r 153
240 97 r 153
240 98 r 153
240 99 r 153
240 100 r 153
240 102 r 153
240 105 r 153
240 109 r 153
240 110 r 153
240 111 r 153
240 113 r 153
240 114 r 153
240 115 r 153
240 116 r 153
240 117 r 153
240 118 r 153
240 119 r 153
240 120 r 153
240 123 r 153
240 124 r 153
240 125 r 153
240 126 r 153
240 131 r 153
240 132 r 153
240 133 r 153
240 134 r 153
240 135 r 153
240 136 r 153
240 137 r 153
240 144 r 153
240 145 r 153
240 146 r 153
240 147 r 153
240 148 r 153
240 149 r 153
240 150 r 153
240 151 r 153
240 152 r 153
240 153 r 153
240 154 r 153
240 155 r 153
240 156 r 153
240 157 r 153
240 158 r 153
240 159 r 153
240 160 r 153
240 161 r 153
240 162 r 153
240 163 r 153
240 164 r 153
240 165 r 153
240 166 r 153
240 167 r 153
240 168 r 153
240 169 r 153
241 78 s 190
241 100 s 326
242 75 r 155
242 76 r 155
242 77 r 155
242 90 r 155
242 92 r 155
242 93 r 155
242 96 r 155
242 97 r 155
242 98 r 155
242 99 r 155
242 100 r 155
242 102 r 155
242 105 r 155
242 109 r 155
242 110 r 155
242 111 r 155
242 113 r 155
242 114 r 155
242 115 r 155
242 116 r 155
242 117 r 155
242 118 r 155
242 119 r 155
242 120 r 155
242 123 r 155
242 124 r 155
242 125 r 155
242 126 r 155
242 131 r 155
242 132 r 155
242 133 r 155
242 134 r 155
242 135 r 155
242 136 r 155
242 137 r 155
242 144 r 155
242 145 r 155
242 146 r 155
242 147 r 155
242 148 r 155
242 149 r 155
242 150 r 155
242 151 r 155
242 152 r 155
242 153 r 155
242 154 r 155
242 155 r 155
242 156 r 155
242 157 r 155
242 158 r 155
242 159 r 155
242 160 r 155
242 161 r 155
242 162 r 155
242 163 r 155
242 164 r 155
242 165 r 155
242 166 r 155
242 167 r 155
242 168 r 155
242 169 r 155
243 95 s 327
244 75 s 117
244 76 s 118
244 77 s 119
244 90 s 120
244 96 s 122
244 97 s 123
244 98 s 124
244 99 s 125
244 102 s 161
244 126 s 139
244 131 s 140
244 132 s 141
244 133 s 142
244 134 s 143
244 135 s 144
244 136 s 145
244 137 s 146
244 167 s 147
244 168 s 148
244 169 s 149
245 75 s 117
245 76 s 118
245 77 s 119
245 90 s 120
245 96 s 122
245 97 s 123
245 98 s 124
245 99 s 125
245 102 s 161
245 126 s 139
245 131 s 140
245 132 s 141
245 133 s 142
245 134 s 143
245 135 s 144
245 136 s 145
245 137 s 146
245 167 s 147
245 168 s 148
245 169 s 149
246 75 r 265
246 76 r 265
246 77 r 265
246 78 r 265
246 79 r 265
246 80 r 265
246 81 r 265
246 82 r 265
246 83 r 265
246 84 r 265
246 85 r 265
246 86 r 265
246 87 r 265
246 88 r 265
246 89 r 265
246 91 r 265
246 93 r 265
246 94 r 265
246 95 r 265
246 100 r 265
246 104 r 265
246 106 r 265
246 107 r 265
246 108 r 265
246 112 r 265
246 121 r 265
246 122 r 265
246 126 r 265
246 127 r 265
246 128 r 265
246 138 r 265
246 139 r 265
246 140 r 265
246 141 r 265
246 142 r 265
246 143 r 265
247 75 s 117
247 76 s 118
247 77 s 119
247 90 s 120
247 96 s 122
247 97 s 123
247 98 s 124
247 99 s 125
247 102 s 161
247 126 s 139
247 131 s 140
247 132 s 141
247 133 s 142
247 134 s 143
247 135 s 144
247 136 s 145
247 137 s 146
247 167 s 147
247 168 s 148
247 169 s 149
248 75 r 266
248 76 r 266
248 77 r 266
248 78 r 266
248 79 r 266
248 80 r 266
248 81 r 266
248 82 r 266
248 83 r 266
248 84 r 266
248 85 r 266
248 86 r 266
248 87 r 266
248 88 r 266
248 89 r 266
248 91 r 266
248 93 r 266
248 94 r 266
248 95 r 266
248 100 r 266
248 104 r 266
248 106 r 266
248 107 r 266
248 108 r 266
248 112 r 266
248 121 r 266
248 122 r 266
248 126 r 266
248 127 r 266
248 128 r 266
248 138 r 266
248 139 r 266
248 140 r 266
248 141 r 266
248 142 r 266
248 143 r 266
249 75 s 117
249 76 s 118
249 77 s 119
249 90 s 120
249 96 s 122
249 97 s 123
249 98 s 124
249 99 s 125
249 102 s 161
249 126 s 139
249 131 s 140
249 132 s 141
249 133 s 142
249 134 s 143
249 135 s 144
249 136 s 145
249 137 s 146
249 167 s 147
249 168 s 148
249 169 s 149
250 75 r 268
250 76 r 268
250 77 r 268
250 78 r 268
250 79 r 268
250 80 r 268
250 81 r 268
250 82 r 268
250 83 r 268
250 84 r 268
250 85 r 268
250 86 r 268
250 87 r 268
250 88 r 268
250 89 r 268
250 91 r 268
250 93 r 268
250 94 r 268
250 95 r 268
250 100 r 268
250 104 r 268
250 106 r 268
250 107 r 268
250 108 r 268
250 112 r 268
250 121 r 268
250 122 r 268
250 126 r 268
250 127 r 268
250 128 r 268
250 138 r 268
250 139 r 268
250 140 r 268
250 141 r 268
250 142 r 268
250 143 r 268
251 75 s 117
251 76 s 118
251 77 s 119
251 90 s 120
251 96 s 122
251 97 s 123
251 98 s 124
251 99 s 125
251 102 s 161
251 105 s 18
251 126 s 139
251 131 s 140
251 132 s 141
251 133 s 142
251 134 s 143
251 135 s 144
251 136 s 145
251 137 s 146
251 149 s 27
251 150 s 28
251 151 s 29
251 152 s 30
251 153 s 31
251 154 s 32
251 155 s 33
251 156 s 34
251 157 s 35
251 158 s 36
251 159 s 37
251 160 s 38
251 161 s 39
251 162 s 40
251 163 s 41
251 164 s 42
251 165 s 43
251 166 s 44
251 167 s 147
251 168 s 148
251 169 s 149
252 78 r 177
252 91 r 177
253 78 r 0
253 90 s 256
253 91 r 0
253 102 s 17
253 103 s 257
254 78 r 178
254 91 r 178
255 78 r 2
255 90 s 333
255 91 r 2
255 95 r 2
255 103 s 334
256 90 s 256
256 91 s 337
256 102 s 17
256 103 s 257
256 105 s 18
256 109 s 19
256 110 s 20
256 126 s 21
256 144 s 22
256 145 s 23
256 146 s 24
256 147 s 25
256 148 s 26
256 149 s 27
256 150 s 28
256 151 s 29
256 152 s 30
256 153 s 31
256 154 s 32
256 155 s 33
256 156 s 34
256 157 s 35
256 158 s 36
256 159 s 37
256 160 s 38
256 161 s 39
256 162 s 40
256 163 s 41
256 164 s 42
256 165 s 43
256 166 s 44
257 75 s 117
257 76 s 118
257 77 s 119
257 90 s 120
257 96 s 122
257 97 s 123
257 98 s 124
257 99 s 125
257 102 s 161
257 104 s 340
257 126 s 139
257 131 s 140
257 132 s 141
257 133 s 142
257 134 s 143
257 135 s 144
257 136 s 145
257 137 s 146
257 151 s 29
257 152 s 30
257 153 s 31
257 167 s 147
257 168 s 148
257 169 s 149
258 78 r 76
258 79 r 76
258 90 r 76
258 91 r 76
258 92 r 76
258 95 r 76
258 100 r 76
258 103 r 76
258 105 r 76
258 109 r 76
258 110 r 76
258 144 r 76
258 145 r 76
258 146 r 76
258 147 r 76
258 148 r 76
258 149 r 76
258 150 r 76
258 151 r 76
258 152 r 76
258 153 r 76
258 154 r 76
258 155 r 76
258 156 r 76
258 157 r 76
258 158 r 76
258 159 r 76
258 160 r 76
258 161 r 76
258 162 r 76
258 163 r 76
258 164 r 76
258 165 r 76
258 166 r 76
259 105 s 18
259 109 s 19
259 110 s 20
259 129 s 342
259 144 s 22
259 145 s 23
259 146 s 24
259 147 s 25
259 148 s 26
259 149 s 27
259 150 s 28
259 151 s 29
259 152 s 30
259 153 s 31
259 154 s 32
259 155 s 33
259 156 s 34
259 157 s 35
259 158 s 36
259 159 s 37
259 160 s 38
259 161 s 39
259 162 s 40
259 163 s 41
259 164 s 42
259 165 s 43
259 166 s 44
260 102 s 343
261 78 r 77
261 79 r 77
261 90 r 77
261 91 r 77
261 92 r 77
261 95 r 77
261 100 r 77
261 103 r 77
261 105 r 77
261 109 r 77
261 110 r 77
261 144 r 77
261 145 r 77
261 146 r 77
261 147 r 77
261 148 r 77
261 149 r 77
261 150 r 77
261 151 r 77
261 152 r 77
261 153 r 77
261 154 r 77
261 155 r 77
261 156 r 77
261 157 r 77
261 158 r 77
261 159 r 77
261 160 r 77
261 161 r 77
261 162 r 77
261 163 r 77
261 164 r 77
261 165 r 77
261 166 r 77
262 104 s 344
263 78 r 74
263 79 r 74
263 90 r 74
263 91 r 74
263 92 r 74
263 95 r 74
263 100 r 74
263 103 r 74
263 105 r 74
263 109 r 74
263 110 r 74
263 144 r 74
263 145 r 74
263 146 r 74
263 147 r 74
263 148 r 74
263 149 r 74
263 150 r 74
263 151 r 74
263 152 r 74
263 153 r 74
263 154 r 74
263 155 r 74
263 156 r 74
263 157 r 74
263 158 r 74
263 159 r 74
263 160 r 74
263 161 r 74
263 162 r 74
263 163 r 74
263 164 r 74
263 165 r 74
263 166 r 74
264 78 r 72
264 79 r 72
264 90 r 72
264 91 r 72
264 92 r 72
264 95 r 72
264 100 r 72
264 103 r 72
264 105 r 72
264 109 r 72
264 110 r 72
264 144 r 72
264 145 r 72
264 146 r 72
264 147 r 72
264 148 r 72
264 149 r 72
264 150 r 72
264 151 r 72
264 152 r 72
264 153 r 72
264 154 r 72
264 155 r 72
264 156 r 72
264 157 r 72
264 158 r 72
264 159 r 72
264 160 r 72
264 161 r 72
264 162 r 72
264 163 r 72
264 164 r 72
264 165 r 72
264 166 r 72
265 78 r 86
265 93 r 86
265 102 s 166
266 78 r 80
266 90 r 80
266 91 r 80
266 95 r 80
266 100 r 80
266 102 r 80
266 103 r 80
266 105 r 80
266 109 r 80
266 110 r 80
266 126 r 80
266 144 r 80
266 145 r 80
266 146 r 80
266 147 r 80
266 148 r 80
266 149 r 80
266 150 r 80
266 151 r 80
266 152 r 80
266 153 r 80
266 154 r 80
266 155 r 80
266 156 r 80
266 157 r 80
266 158 r 80
266 159 r 80
266 160 r 80
266 161 r 80
266 162 r 80
266 163 r 80
266 164 r 80
266 165 r 80
266 166 r 80
267 75 s 117
267 76 s 118
267 77 s 119
267 90 s 120
267 96 s 122
267 97 s 123
267 98 s 124
267 99 s 125
267 102 s 161
267 126 s 139
267 131 s 140
267 132 s 141
267 133 s 142
267 134 s 143
267 135 s 144
267 136 s 145
267 137 s 146
267 167 s 147
267 168 s 148
267 169 s 149
268 78 s 265
268 93 s 347
269 90 s 271
269 91 r 0
269 95 r 0
269 103 s 257
270 91 r 241
270 95 r 241
271 90 s 271
271 91 s 337
271 103 s 257
271 105 s 18
271 109 s 19
271 110 s 20
271 126 s 21
271 144 s 22
271 145 s 23
271 146 s 24
271 147 s 25
271 148 s 26
271 149 s 27
271 150 s 28
271 151 s 29
271 152 s 30
271 153 s 31
271 154 s 32
271 155 s 33
271 156 s 34
271 157 s 35
271 158 s 36
271 159 s 37
271 160 s 38
271 161 s 39
271 162 s 40
271 163 s 41
271 164 s 42
271 165 s 43
271 166 s 44
272 78 r 260
272 90 r 260
272 91 r 260
272 95 r 260
272 100 r 260
272 102 r 260
272 103 r 260
272 105 r 260
272 109 r 260
272 110 r 260
272 126 r 260
272 144 r 260
272 145 r 260
272 146 r 260
272 147 r 260
272 148 r 260
272 149 r 260
272 150 r 260
272 151 r 260
272 152 r 260
272 153 r 260
272 154 r 260
272 155 r 260
272 156 r 260
272 157 r 260
272 158 r 260
272 159 r 260
272 160 r 260
272 161 r 260
272 162 r 260
272 163 r 260
272 164 r 260
272 165 r 260
272 166 r 260
273 78 r 261
273 90 r 261
273 91 r 261
273 95 r 261
273 100 r 261
273 102 r 261
273 103 r 261
273 105 r 261
273 109 r 261
273 110 r 261
273 126 r 261
273 144 r 261
273 145 r 261
273 146 r 261
273 147 r 261
273 148 r 261
273 149 r 261
273 150 r 261
273 151 r 261
273 152 r 261
273 153 r 261
273 154 r 261
273 155 r 261
273 156 r 261
273 157 r 261
273 158 r 261
273 159 r 261
273 160 r 261
273 161 r 261
273 162 r 261
273 163 r 261
273 164 r 261
273 165 r 261
273 166 r 261
274 78 r 119
274 93 r 119
275 79 r 55
275 101 r 55
275 103 r 55
276 79 s 349
276 101 s 279
276 103 s 280
277 75 s 117
277 76 s 118
277 77 s 119
277 90 s 120
277 92 s 177
277 96 s 122
277 97 s 123
277 98 s 124
277 99 s 125
277 102 s 161
277 126 s 139
277 131 s 140
277 132 s 141
277 133 s 142
277 134 s 143
277 135 s 144
277 136 s 145
277 137 s 146
277 167 s 147
277 168 s 148
277 169 s 149
278 78 s 351
278 93 s 352
279 102 s 353
280 75 s 117
280 76 s 118
280 77 s 119
280 90 s 120
280 96 s 122
280 97 s 123
280 98 s 124
280 99 s 125
280 102 s 161
280 126 s 139
280 131 s 140
280 132 s 141
280 133 s 142
280 134 s 143
280 135 s 144
280 136 s 145
280 137 s 146
280 167 s 147
280 168 s 148
280 169 s 149
281 90 s 16
281 95 s 185
281 102 s 17
281 126 s 21
282 93 r 225
282 105 r 225
282 149 r 225
282 150 r 225
282 151 r 225
282 152 r 225
282 153 r 225
282 154 r 225
282 155 r 225
282 156 r 225
282 157 r 225
282 158 r 225
282 159 r 225
282 160 r 225
282 161 r 225
282 162 r 225
282 163 r 225
282 164 r 225
282 165 r 225
282 166 r 225
283 75 s 117
283 76 s 118
283 77 s 119
283 90 s 120
283 96 s 122
283 97 s 123
283 98 s 124
283 99 s 125
283 102 s 161
283 126 s 139
283 131 s 140
283 132 s 141
283 133 s 142
283 134 s 143
283 135 s 144
283 136 s 145
283 137 s 146
283 167 s 147
283 168 s 148
283 169 s 149
284 78 r 231
284 100 r 231
285 78 r 236
285 90 r 236
285 91 r 236
285 95 r 236
285 100 r 236
285 102 r 236
285 103 r 236
285 105 r 236
285 109 r 236
285 110 r 236
285 126 r 236
285 144 r 236
285 145 r 236
285 146 r 236
285 147 r 236
285 148 r 236
285 149 r 236
285 150 r 236
285 151 r 236
285 152 r 236
285 153 r 236
285 154 r 236
285 155 r 236
285 156 r 236
285 157 r 236
285 158 r 236
285 159 r 236
285 160 r 236
285 161 r 236
285 162 r 236
285 163 r 236
285 164 r 236
285 165 r 236
285 166 r 236
286 78 r 93
286 91 r 93
286 95 r 93
286 100 r 93
286 104 r 93
287 78 s 190
287 95 s 357
288 78 r 165
288 91 r 165
288 93 r 165
288 94 r 165
288 95 r 165
288 100 r 165
288 104 r 165
288 121 s 194
288 122 r 165
289 78 r 163
289 91 r 163
289 93 r 163
289 94 r 163
289 95 r 163
289 100 r 163
289 104 r 163
289 112 s 195
289 121 r 163
289 122 r 163
290 78 r 111
290 91 r 111
290 93 r 111
290 94 r 111
290 95 r 111
290 100 r 111
290 104 r 111
290 108 s 196
290 112 r 111
290 121 r 111
290 122 r 111
291 77 s 197
291 78 r 91
291 91 r 91
291 93 r 91
291 94 r 91
291 95 r 91
291 100 r 91
291 104 r 91
291 108 r 91
291 112 r 91
291 121 r 91
291 122 r 91
292 77 r 7
292 78 r 7
292 91 r 7
292 93 r 7
292 94 r 7
292 95 r 7
292 100 r 7
292 104 r 7
292 106 s 198
292 107 s 199
292 108 r 7
292 112 r 7
292 121 r 7
292 122 r 7
293 77 r 88
293 78 r 88
293 91 r 88
293 93 r 88
293 94 r 88
293 95 r 88
293 100 r 88
293 104 r 88
293 106 r 88
293 107 r 88
293 108 r 88
293 112 r 88
293 121 r 88
293 122 r 88
293 138 s 200
293 139 s 201
293 140 s 202
293 141 s 203
294 77 r 89
294 78 r 89
294 91 r 89
294 93 r 89
294 94 r 89
294 95 r 89
294 100 r 89
294 104 r 89
294 106 r 89
294 107 r 89
294 108 r 89
294 112 r 89
294 121 r 89
294 122 r 89
294 138 s 200
294 139 s 201
294 140 s 202
294 141 s 203
295 77 r 205
295 78 r 205
295 91 r 205
295 93 r 205
295 94 r 205
295 95 r 205
295 100 r 205
295 104 r 205
295 106 r 205
295 107 r 205
295 108 r 205
295 112 r 205
295 121 r 205
295 122 r 205
295 138 r 205
295 139 r 205
295 140 r 205
295 141 r 205
295 142 s 204
295 143 s 205
296 77 r 206
296 78 r 206
296 91 r 206
296 93 r 206
296 94 r 206
296 95 r 206
296 100 r 206
296 104 r 206
296 106 r 206
296 107 r 206
296 108 r 206
296 112 r 206
296 121 r 206
296 122 r 206
296 138 r 206
296 139 r 206
296 140 r 206
296 141 r 206
296 142 s 204
296 143 s 205
297 77 r 207
297 78 r 207
297 91 r 207
297 93 r 207
297 94 r 207
297 95 r 207
297 100 r 207
297 104 r 207
297 106 r 207
297 107 r 207
297 108 r 207
297 112 r 207
297 121 r 207
297 122 r 207
297 138 r 207
297 139 r 207
297 140 r 207
297 141 r 207
297 142 s 204
297 143 s 205
298 77 r 208
298 78 r 208
298 91 r 208
298 93 r 208
298 94 r 208
298 95 r 208
298 100 r 208
298 104 r 208
298 106 r 208
298 107 r 208
298 108 r 208
298 112 r 208
298 121 r 208
298 122 r 208
298 138 r 208
298 139 r 208
298 140 r 208
298 141 r 208
298 142 s 204
298 143 s 205
299 75 s 206
299 76 s 207
299 77 r 210
299 78 r 210
299 91 r 210
299 93 r 210
299 94 r 210
299 95 r 210
299 100 r 210
299 104 r 210
299 106 r 210
299 107 r 210
299 108 r 210
299 112 r 210
299 121 r 210
299 122 r 210
299 138 r 210
299 139 r 210
299 140 r 210
299 141 r 210
299 142 r 210
299 143 r 210
300 75 s 206
300 76 s 207
300 77 r 211
300 78 r 211
300 91 r 211
300 93 r 211
300 94 r 211
300 95 r 211
300 100 r 211
300 104 r 211
300 106 r 211
300 107 r 211
300 108 r 211
300 112 r 211
300 121 r 211
300 122 r 211
300 138 r 211
300 139 r 211
300 140 r 211
300 141 r 211
300 142 r 211
300 143 r 211
301 75 r 4
301 76 r 4
301 77 r 4
301 78 r 4
301 91 r 4
301 93 r 4
301 94 r 4
301 95 r 4
301 100 r 4
301 104 r 4
301 106 r 4
301 107 r 4
301 108 r 4
301 112 r 4
301 121 r 4
301 122 r 4
301 126 s 208
301 127 s 209
301 128 s 210
301 138 r 4
301 139 r 4
301 140 r 4
301 141 r 4
301 142 r 4
301 143 r 4
302 75 r 5
302 76 r 5
302 77 r 5
302 78 r 5
302 91 r 5
302 93 r 5
302 94 r 5
302 95 r 5
302 100 r 5
302 104 r 5
302 106 r 5
302 107 r 5
302 108 r 5
302 112 r 5
302 121 r 5
302 122 r 5
302 126 s 208
302 127 s 209
302 128 s 210
302 138 r 5
302 139 r 5
302 140 r 5
302 141 r 5
302 142 r 5
302 143 r 5
303 75 r 174
303 76 r 174
303 77 r 174
303 78 r 174
303 91 r 174
303 93 r 174
303 94 r 174
303 95 r 174
303 100 r 174
303 104 r 174
303 106 r 174
303 107 r 174
303 108 r 174
303 112 r 174
303 121 r 174
303 122 r 174
303 126 r 174
303 127 r 174
303 128 r 174
303 138 r 174
303 139 r 174
303 140 r 174
303 141 r 174
303 142 r 174
303 143 r 174
304 75 r 175
304 76 r 175
304 77 r 175
304 78 r 175
304 91 r 175
304 93 r 175
304 94 r 175
304 95 r 175
304 100 r 175
304 104 r 175
304 106 r 175
304 107 r 175
304 108 r 175
304 112 r 175
304 121 r 175
304 122 r 175
304 126 r 175
304 127 r 175
304 128 r 175
304 138 r 175
304 139 r 175
304 140 r 175
304 141 r 175
304 142 r 175
304 143 r 175
305 75 r 176
305 76 r 176
305 77 r 176
305 78 r 176
305 91 r 176
305 93 r 176
305 94 r 176
305 95 r 176
305 100 r 176
305 104 r 176
305 106 r 176
305 107 r 176
305 108 r 176
305 112 r 176
305 121 r 176
305 122 r 176
305 126 r 176
305 127 r 176
305 128 r 176
305 138 r 176
305 139 r 176
305 140 r 176
305 141 r 176
305 142 r 176
305 143 r 176
306 78 r 11
306 91 r 11
306 93 r 11
306 95 r 11
306 100 r 11
306 104 r 11
307 78 r 8
307 91 r 8
308 78 s 358
308 91 s 359
309 75 r 191
309 76 r 191
309 77 r 191
309 78 r 191
309 79 r 191
309 80 r 191
309 81 r 191
309 82 r 191
309 83 r 191
309 84 r 191
309 85 r 191
309 86 r 191
309 87 r 191
309 88 r 191
309 89 r 191
309 90 r 191
309 91 r 191
309 93 r 191
309 94 r 191
309 95 r 191
309 100 r 191
309 101 r 191
309 103 r 191
309 104 r 191
309 106 r 191
309 107 r 191
309 108 r 191
309 112 r 191
309 121 r 191
309 122 r 191
309 126 r 191
309 127 r 191
309 128 r 191
309 130 r 191
309 131 r 191
309 132 r 191
309 138 r 191
309 139 r 191
309 140 r 191
309 141 r 191
309 142 r 191
309 143 r 191
310 75 r 192
310 76 r 192
310 77 r 192
310 78 r 192
310 79 r 192
310 80 r 192
310 81 r 192
310 82 r 192
310 83 r 192
310 84 r 192
310 85 r 192
310 86 r 192
310 87 r 192
310 88 r 192
310 89 r 192
310 90 r 192
310 91 r 192
310 93 r 192
310 94 r 192
310 95 r 192
310 100 r 192
310 101 r 192
310 103 r 192
310 104 r 192
310 106 r 192
310 107 r 192
310 108 r 192
310 112 r 192
310 121 r 192
310 122 r 192
310 126 r 192
310 127 r 192
310 128 r 192
310 130 r 192
310 131 r 192
310 132 r 192
310 138 r 192
310 139 r 192
310 140 r 192
310 141 r 192
310 142 r 192
310 143 r 192
311 78 s 190
311 104 s 360
312 75 r 193
312 76 r 193
312 77 r 193
312 78 r 193
312 79 r 193
312 80 r 193
312 81 r 193
312 82 r 193
312 83 r 193
312 84 r 193
312 85 r 193
312 86 r 193
312 87 r 193
312 88 r 193
312 89 r 193
312 90 r 193
312 91 r 193
312 93 r 193
312 94 r 193
312 95 r 193
312 100 r 193
312 101 r 193
312 103 r 193
312 104 r 193
312 106 r 193
312 107 r 193
312 108 r 193
312 112 r 193
312 121 r 193
312 122 r 193
312 126 r 193
312 127 r 193
312 128 r 193
312 130 r 193
312 131 r 193
312 132 r 193
312 138 r 193
312 139 r 193
312 140 r 193
312 141 r 193
312 142 r 193
312 143 r 193
313 75 s 117
313 76 s 118
313 77 s 119
313 90 s 120
313 96 s 122
313 97 s 123
313 98 s 124
313 99 s 125
313 102 s 161
313 126 s 139
313 131 s 140
313 132 s 141
313 133 s 142
313 134 s 143
313 135 s 144
313 136 s 145
313 137 s 146
313 167 s 147
313 168 s 148
313 169 s 149
314 75 r 199
314 76 r 199
314 77 r 199
314 78 r 199
314 79 r 199
314 80 r 199
314 81 r 199
314 82 r 199
314 83 r 199
314 84 r 199
314 85 r 199
314 86 r 199
314 87 r 199
314 88 r 199
314 89 r 199
314 90 r 199
314 91 r 199
314 93 r 199
314 94 r 199
314 95 r 199
314 100 r 199
314 101 r 199
314 103 r 199
314 104 r 199
314 106 r 199
314 107 r 199
314 108 r 199
314 112 r 199
314 121 r 199
314 122 r 199
314 126 r 199
314 127 r 199
314 128 r 199
314 130 r 199
314 131 r 199
314 132 r 199
314 138 r 199
314 139 r 199
314 140 r 199
314 141 r 199
314 142 r 199
314 143 r 199
315 75 r 156
315 76 r 156
315 77 r 156
315 90 r 156
315 92 r 156
315 93 r 156
315 96 r 156
315 97 r 156
315 98 r 156
315 99 r 156
315 100 r 156
315 102 r 156
315 105 r 156
315 109 r 156
315 110 r 156
315 111 r 156
315 113 r 156
315 114 r 156
315 115 r 156
315 116 r 156
315 117 r 156
315 118 r 156
315 119 r 156
315 120 r 156
315 123 r 156
315 124 r 156
315 125 r 156
315 126 r 156
315 131 r 156
315 132 r 156
315 133 r 156
315 134 r 156
315 135 r 156
315 136 r 156
315 137 r 156
315 144 r 156
315 145 r 156
315 146 r 156
315 147 r 156
315 148 r 156
315 149 r 156
315 150 r 156
315 151 r 156
315 152 r 156
315 153 r 156
315 154 r 156
315 155 r 156
315 156 r 156
315 157 r 156
315 158 r 156
315 159 r 156
315 160 r 156
315 161 r 156
315 162 r 156
315 163 r 156
315 164 r 156
315 165 r 156
315 166 r 156
315 167 r 156
315 168 r 156
315 169 r 156
316 75 r 159
316 76 r 159
316 77 r 159
316 90 r 159
316 92 r 159
316 93 r 159
316 96 r 159
316 97 r 159
316 98 r 159
316 99 r 159
316 100 r 159
316 102 r 159
316 105 r 159
316 109 r 159
316 110 r 159
316 111 r 159
316 113 r 159
316 114 r 159
316 115 r 159
316 116 r 159
316 117 r 159
316 118 r 159
316 119 r 159
316 120 r 159
316 123 r 159
316 125 r 159
316 126 r 159
316 131 r 159
316 132 r 159
316 133 r 159
316 134 r 159
316 135 r 159
316 136 r 159
316 137 r 159
316 144 r 159
316 145 r 159
316 146 r 159
316 147 r 159
316 148 r 159
316 149 r 159
316 150 r 159
316 151 r 159
316 152 r 159
316 153 r 159
316 154 r 159
316 155 r 159
316 156 r 159
316 157 r 159
316 158 r 159
316 159 r 159
316 160 r 159
316 161 r 159
316 162 r 159
316 163 r 159
316 164 r 159
316 165 r 159
316 166 r 159
316 167 r 159
316 168 r 159
316 169 r 159
317 75 r 158
317 76 r 158
317 77 r 158
317 90 r 158
317 92 r 158
317 93 r 158
317 96 r 158
317 97 r 158
317 98 r 158
317 99 r 158
317 100 r 158
317 102 r 158
317 105 r 158
317 109 r 158
317 110 r 158
317 111 r 158
317 113 r 158
317 114 r 158
317 115 r 158
317 116 r 158
317 117 r 158
317 118 r 158
317 119 r 158
317 120 r 158
317 123 r 158
317 124 r 158
317 125 r 158
317 126 r 158
317 131 r 158
317 132 r 158
317 133 r 158
317 134 r 158
317 135 r 158
317 136 r 158
317 137 r 158
317 144 r 158
317 145 r 158
317 146 r 158
317 147 r 158
317 148 r 158
317 149 r 158
317 150 r 158
317 151 r 158
317 152 r 158
317 153 r 158
317 154 r 158
317 155 r 158
317 156 r 158
317 157 r 158
317 158 r 158
317 159 r 158
317 160 r 158
317 161 r 158
317 162 r 158
317 163 r 158
317 164 r 158
317 165 r 158
317 166 r 158
317 167 r 158
317 168 r 158
317 169 r 158
318 75 r 161
318 76 r 161
318 77 r 161
318 90 r 161
318 92 r 161
318 93 r 161
318 96 r 161
318 97 r 161
318 98 r 161
318 99 r 161
318 100 r 161
318 102 r 161
318 105 r 161
318 109 r 161
318 110 r 161
318 111 r 161
318 113 r 161
318 114 r 161
318 115 r 161
318 116 r 161
318 117 r 161
318 118 r 161
318 119 r 161
318 120 r 161
318 123 r 161
318 125 r 161
318 126 r 161
318 131 r 161
318 132 r 161
318 133 r 161
318 134 r 161
318 135 r 161
318 136 r 161
318 137 r 161
318 144 r 161
318 145 r 161
318 146 r 161
318 147 r 161
318 148 r 161
318 149 r 161
318 150 r 161
318 151 r 161
318 152 r 161
318 153 r 161
318 154 r 161
318 155 r 161
318 156 r 161
318 157 r 161
318 158 r 161
318 159 r 161
318 160 r 161
318 161 r 161
318 162 r 161
318 163 r 161
318 164 r 161
318 165 r 161
318 166 r 161
318 167 r 161
318 168 r 161
318 169 r 161
319 78 s 190
319 91 s 362
320 90 s 363
321 90 s 364
322 75 s 117
322 76 s 118
322 77 s 119
322 90 s 120
322 96 s 122
322 97 s 123
322 98 s 124
322 99 s 125
322 100 s 366
322 102 s 161
322 126 s 139
322 131 s 140
322 132 s 141
322 133 s 142
322 134 s 143
322 135 s 144
322 136 s 145
322 137 s 146
322 167 s 147
322 168 s 148
322 169 s 149
323 78 s 190
323 100 s 367
324 75 s 117
324 76 s 118
324 77 s 119
324 90 s 120
324 96 s 122
324 97 s 123
324 98 s 124
324 99 s 125
324 100 s 369
324 102 s 161
324 126 s 139
324 131 s 140
324 132 s 141
324 133 s 142
324 134 s 143
324 135 s 144
324 136 s 145
324 137 s 146
324 167 s 147
324 168 s 148
324 169 s 149
325 75 r 151
325 76 r 151
325 77 r 151
325 90 r 151
325 92 r 151
325 93 r 151
325 96 r 151
325 97 r 151
325 98 r 151
325 99 r 151
325 100 r 151
325 102 r 151
325 105 r 151
325 109 r 151
325 110 r 151
325 111 r 151
325 113 r 151
325 114 r 151
325 115 r 151
325 116 r 151
325 117 r 151
325 118 r 151
325 119 r 151
325 120 r 151
325 123 r 151
325 124 r 151
325 125 r 151
325 126 r 151
325 131 r 151
325 132 r 151
325 133 r 151
325 134 r 151
325 135 r 151
325 136 r 151
325 137 r 151
325 144 r 151
325 145 r 151
325 146 r 151
325 147 r 151
325 148 r 151
325 149 r 151
325 150 r 151
325 151 r 151
325 152 r 151
325 153 r 151
325 154 r 151
325 155 r 151
325 156 r 151
325 157 r 151
325 158 r 151
325 159 r 151
325 160 r 151
325 161 r 151
325 162 r 151
325 163 r 151
325 164 r 151
325 165 r 151
325 166 r 151
325 167 r 151
325 168 r 151
325 169 r 151
326 75 r 154
326 76 r 154
326 77 r 154
326 90 r 154
326 92 r 154
326 93 r 154
326 96 r 154
326 97 r 154
326 98 r 154
326 99 r 154
326 100 r 154
326 102 r 154
326 105 r 154
326 109 r 154
326 110 r 154
326 111 r 154
326 113 r 154
326 114 r 154
326 115 r 154
326 116 r 154
326 117 r 154
326 118 r 154
326 119 r 154
326 120 r 154
326 123 r 154
326 124 r 154
326 125 r 154
326 126 r 154
326 131 r 154
326 132 r 154
326 133 r 154
326 134 r 154
326 135 r 154
326 136 r 154
326 137 r 154
326 144 r 154
326 145 r 154
326 146 r 154
326 147 r 154
326 148 r 154
326 149 r 154
326 150 r 154
326 151 r 154
326 152 r 154
326 153 r 154
326 154 r 154
326 155 r 154
326 156 r 154
326 157 r 154
326 158 r 154
326 159 r 154
326 160 r 154
326 161 r 154
326 162 r 154
326 163 r 154
326 164 r 154
326 165 r 154
326 166 r 154
326 167 r 154
326 168 r 154
326 169 r 154
327 75 s 117
327 76 s 118
327 77 s 119
327 90 s 120
327 92 s 60
327 96 s 122
327 97 s 123
327 98 s 124
327 99 s 125
327 100 s 126
327 102 s 127
327 111 s 128
327 113 s 129
327 114 s 130
327 115 s 131
327 116 s 132
327 117 s 133
327 118 s 134
327 119 s 135
327 120 s 136
327 123 s 137
327 125 s 138
327 126 s 139
327 131 s 140
327 132 s 141
327 133 s 142
327 134 s 143
327 135 s 144
327 136 s 145
327 137 s 146
327 167 s 147
327 168 s 148
327 169 s 149
328 78 s 190
328 91 s 372
329 78 s 190
329 91 s 373
330 78 s 374
331 91 s 375
332 78 r 1
332 90 s 333
332 91 r 1
332 95 r 1
332 103 s 334
333 91 s 377
333 105 s 18
333 109 s 19
333 110 s 20
333 144 s 22
333 145 s 23
333 146 s 24
333 147 s 25
333 148 s 26
333 149 s 27
333 150 s 28
333 151 s 29
333 152 s 30
333 153 s 31
333 154 s 32
333 155 s 33
333 156 s 34
333 157 s 35
333 158 s 36
333 159 s 37
333 160 s 38
333 161 s 39
333 162 s 40
333 163 s 41
333 164 s 42
333 165 s 43
333 166 s 44
334 75 s 117
334 76 s 118
334 77 s 119
334 90 s 120
334 96 s 122
334 97 s 123
334 98 s 124
334 99 s 125
334 102 s 161
334 104 s 380
334 126 s 139
334 131 s 140
334 132 s 141
334 133 s 142
334 134 s 143
334 135 s 144
334 136 s 145
334 137 s 146
334 151 s 29
334 152 s 30
334 153 s 31
334 167 s 147
334 168 s 148
334 169 s 149
335 91 s 381
336 91 s 382
337 78 r 69
337 90 r 69
337 91 r 69
337 95 r 69
337 103 r 69
338 75 s 117
338 76 s 118
338 77 s 119
338 90 s 120
338 96 s 122
338 97 s 123
338 98 s 124
338 99 s 125
338 102 s 161
338 104 s 384
338 126 s 139
338 131 s 140
338 132 s 141
338 133 s 142
338 134 s 143
338 135 s 144
338 136 s 145
338 137 s 146
338 151 s 29
338 152 s 30
338 153 s 31
338 167 s 147
338 168 s 148
338 169 s 149
339 104 s 385
340 78 r 61
340 90 r 61
340 91 r 61
340 95 r 61
340 103 r 61
341 78 r 181
341 91 r 181
342 91 r 183
343 78 r 109
343 91 r 109
344 78 r 75
344 79 r 75
344 90 r 75
344 91 r 75
344 92 r 75
344 95 r 75
344 100 r 75
344 103 r 75
344 105 r 75
344 109 r 75
344 110 r 75
344 144 r 75
344 145 r 75
344 146 r 75
344 147 r 75
344 148 r 75
344 149 r 75
344 150 r 75
344 151 r 75
344 152 r 75
344 153 r 75
344 154 r 75
344 155 r 75
344 156 r 75
344 157 r 75
344 158 r 75
344 159 r 75
344 160 r 75
344 161 r 75
344 162 r 75
344 163 r 75
344 164 r 75
344 165 r 75
344 166 r 75
345 78 r 85
345 93 r 85
346 78 r 83
346 93 r 83
347 78 r 79
347 90 r 79
347 91 r 79
347 95 r 79
347 100 r 79
347 102 r 79
347 103 r 79
347 105 r 79
347 109 r 79
347 110 r 79
347 126 r 79
347 144 r 79
347 145 r 79
347 146 r 79
347 147 r 79
347 148 r 79
347 149 r 79
347 150 r 79
347 151 r 79
347 152 r 79
347 153 r 79
347 154 r 79
347 155 r 79
347 156 r 79
347 157 r 79
347 158 r 79
347 159 r 79
347 160 r 79
347 161 r 79
347 162 r 79
347 163 r 79
347 164 r 79
347 165 r 79
347 166 r 79
348 79 r 56
348 101 r 56
348 103 r 56
349 75 r 52
349 76 r 52
349 77 r 52
349 90 r 52
349 92 r 52
349 96 r 52
349 97 r 52
349 98 r 52
349 99 r 52
349 102 r 52
349 126 r 52
349 131 r 52
349 132 r 52
349 133 r 52
349 134 r 52
349 135 r 52
349 136 r 52
349 137 r 52
349 167 r 52
349 168 r 52
349 169 r 52
350 78 r 120
350 93 r 120
351 75 s 117
351 76 s 118
351 77 s 119
351 90 s 120
351 92 s 177
351 93 s 388
351 96 s 122
351 97 s 123
351 98 s 124
351 99 s 125
351 101 s 279
351 102 s 161
351 103 s 280
351 126 s 139
351 131 s 140
351 132 s 141
351 133 s 142
351 134 s 143
351 135 s 144
351 136 s 145
351 137 s 146
351 167 s 147
351 168 s 148
351 169 s 149
352 78 r 117
352 93 r 117
352 100 r 117
353 79 r 53
353 101 r 53
353 103 r 53
354 104 s 389
355 78 r 233
355 100 r 233
356 78 r 230
356 100 r 230
357 75 s 117
357 76 s 118
357 77 s 119
357 90 s 120
357 96 s 122
357 97 s 123
357 98 s 124
357 99 s 125
357 102 s 161
357 126 s 139
357 131 s 140
357 132 s 141
357 133 s 142
357 134 s 143
357 135 s 144
357 136 s 145
357 137 s 146
357 167 s 147
357 168 s 148
357 169 s 149
358 75 s 117
358 76 s 118
358 77 s 119
358 90 s 120
358 96 s 122
358 97 s 123
358 98 s 124
358 99 s 125
358 102 s 161
358 126 s 139
358 131 s 140
358 132 s 141
358 133 s 142
358 134 s 143
358 135 s 144
358 136 s 145
358 137 s 146
358 167 s 147
358 168 s 148
358 169 s 149
359 75 r 190
359 76 r 190
359 77 r 190
359 78 r 190
359 79 r 190
359 80 r 190
359 81 r 190
359 82 r 190
359 83 r 190
359 84 r 190
359 85 r 190
359 86 r 190
359 87 r 190
359 88 r 190
359 89 r 190
359 90 r 190
359 91 r 190
359 93 r 190
359 94 r 190
359 95 r 190
359 100 r 190
359 101 r 190
359 103 r 190
359 104 r 190
359 106 r 190
359 107 r 190
359 108 r 190
359 112 r 190
359 121 r 190
359 122 r 190
359 126 r 190
359 127 r 190
359 128 r 190
359 130 r 190
359 131 r 190
359 132 r 190
359 138 r 190
359 139 r 190
359 140 r 190
359 141 r 190
359 142 r 190
359 143 r 190
360 75 r 189
360 76 r 189
360 77 r 189
360 78 r 189
360 79 r 189
360 80 r 189
360 81 r 189
360 82 r 189
360 83 r 189
360 84 r 189
360 85 r 189
360 86 r 189
360 87 r 189
360 88 r 189
360 89 r 189
360 90 r 189
360 91 r 189
360 93 r 189
360 94 r 189
360 95 r 189
360 100 r 189
360 101 r 189
360 103 r 189
360 104 r 189
360 106 r 189
360 107 r 189
360 108 r 189
360 112 r 189
360 121 r 189
360 122 r 189
360 126 r 189
360 127 r 189
360 128 r 189
360 130 r 189
360 131 r 189
360 132 r 189
360 138 r 189
360 139 r 189
360 140 r 189
360 141 r 189
360 142 r 189
360 143 r 189
361 75 r 28
361 76 r 28
361 77 r 28
361 78 r 28
361 79 r 28
361 80 r 28
361 81 r 28
361 82 r 28
361 83 r 28
361 84 r 28
361 85 r 28
361 86 r 28
361 87 r 28
361 88 r 28
361 89 r 28
361 91 r 28
361 93 r 28
361 94 r 28
361 95 r 28
361 100 r 28
361 104 r 28
361 106 r 28
361 107 r 28
361 108 r 28
361 112 r 28
361 121 r 28
361 122 r 28
361 126 r 28
361 127 r 28
361 128 r 28
361 138 r 28
361 139 r 28
361 140 r 28
361 141 r 28
361 142 r 28
361 143 r 28
362 75 s 117
362 76 s 118
362 77 s 119
362 90 s 120
362 92 s 60
362 96 s 122
362 97 s 123
362 98 s 124
362 99 s 125
362 100 s 126
362 102 s 127
362 111 s 128
362 113 s 129
362 114 s 130
362 115 s 131
362 116 s 132
362 117 s 133
362 118 s 134
362 119 s 135
362 120 s 136
362 123 s 137
362 125 s 138
362 126 s 139
362 131 s 140
362 132 s 141
362 133 s 142
362 134 s 143
362 135 s 144
362 136 s 145
362 137 s 146
362 167 s 147
362 168 s 148
362 169 s 149
363 75 s 117
363 76 s 118
363 77 s 119
363 90 s 120
363 96 s 122
363 97 s 123
363 98 s 124
363 99 s 125
363 102 s 161
363 126 s 139
363 131 s 140
363 132 s 141
363 133 s 142
363 134 s 143
363 135 s 144
363 136 s 145
363 137 s 146
363 167 s 147
363 168 s 148
363 169 s 149
364 75 s 117
364 76 s 118
364 77 s 119
364 90 s 120
364 96 s 122
364 97 s 123
364 98 s 124
364 99 s 125
364 102 s 161
364 126 s 139
364 131 s 140
364 132 s 141
364 133 s 142
364 134 s 143
364 135 s 144
364 136 s 145
364 137 s 146
364 167 s 147
364 168 s 148
364 169 s 149
365 78 s 190
365 100 s 396
366 75 s 117
366 76 s 118
366 77 s 119
366 90 s 120
366 91 s 398
366 96 s 122
366 97 s 123
366 98 s 124
366 99 s 125
366 102 s 161
366 126 s 139
366 131 s 140
366 132 s 141
366 133 s 142
366 134 s 143
366 135 s 144
366 136 s 145
366 137 s 146
366 167 s 147
366 168 s 148
366 169 s 149
367 75 s 117
367 76 s 118
367 77 s 119
367 90 s 120
367 96 s 122
367 97 s 123
367 98 s 124
367 99 s 125
367 100 s 400
367 102 s 161
367 126 s 139
367 131 s 140
367 132 s 141
367 133 s 142
367 134 s 143
367 135 s 144
367 136 s 145
367 137 s 146
367 167 s 147
367 168 s 148
367 169 s 149
368 78 s 190
368 100 s 401
369 75 s 117
369 76 s 118
369 77 s 119
369 90 s 120
369 91 s 403
369 96 s 122
369 97 s 123
369 98 s 124
369 99 s 125
369 102 s 161
369 126 s 139
369 131 s 140
369 132 s 141
369 133 s 142
369 134 s 143
369 135 s 144
369 136 s 145
369 137 s 146
369 167 s 147
369 168 s 148
369 169 s 149
370 75 r 157
370 76 r 157
370 77 r 157
370 90 r 157
370 92 r 157
370 93 r 157
370 96 r 157
370 97 r 157
370 98 r 157
370 99 r 157
370 100 r 157
370 102 r 157
370 105 r 157
370 109 r 157
370 110 r 157
370 111 r 157
370 113 r 157
370 114 r 157
370 115 r 157
370 116 r 157
370 117 r 157
370 118 r 157
370 119 r 157
370 120 r 157
370 123 r 157
370 124 r 157
370 125 r 157
370 126 r 157
370 131 r 157
370 132 r 157
370 133 r 157
370 134 r 157
370 135 r 157
370 136 r 157
370 137 r 157
370 144 r 157
370 145 r 157
370 146 r 157
370 147 r 157
370 148 r 157
370 149 r 157
370 150 r 157
370 151 r 157
370 152 r 157
370 153 r 157
370 154 r 157
370 155 r 157
370 156 r 157
370 157 r 157
370 158 r 157
370 159 r 157
370 160 r 157
370 161 r 157
370 162 r 157
370 163 r 157
370 164 r 157
370 165 r 157
370 166 r 157
370 167 r 157
370 168 r 157
370 169 r 157
371 75 r 160
371 76 r 160
371 77 r 160
371 90 r 160
371 92 r 160
371 93 r 160
371 96 r 160
371 97 r 160
371 98 r 160
371 99 r 160
371 100 r 160
371 102 r 160
371 105 r 160
371 109 r 160
371 110 r 160
371 111 r 160
371 113 r 160
371 114 r 160
371 115 r 160
371 116 r 160
371 117 r 160
371 118 r 160
371 119 r 160
371 120 r 160
371 123 r 160
371 125 r 160
371 126 r 160
371 131 r 160
371 132 r 160
371 133 r 160
371 134 r 160
371 135 r 160
371 136 r 160
371 137 r 160
371 144 r 160
371 145 r 160
371 146 r 160
371 147 r 160
371 148 r 160
371 149 r 160
371 150 r 160
371 151 r 160
371 152 r 160
371 153 r 160
371 154 r 160
371 155 r 160
371 156 r 160
371 157 r 160
371 158 r 160
371 159 r 160
371 160 r 160
371 161 r 160
371 162 r 160
371 163 r 160
371 164 r 160
371 165 r 160
371 166 r 160
371 167 r 160
371 168 r 160
371 169 r 160
372 75 s 117
372 76 s 118
372 77 s 119
372 90 s 120
372 92 s 60
372 96 s 122
372 97 s 123
372 98 s 124
372 99 s 125
372 100 s 126
372 102 s 127
372 111 s 128
372 113 s 129
372 114 s 130
372 115 s 131
372 116 s 132
372 117 s 133
372 118 s 134
372 119 s 135
372 120 s 136
372 123 s 137
372 125 s 138
372 126 s 139
372 131 s 140
372 132 s 141
372 133 s 142
372 134 s 143
372 135 s 144
372 136 s 145
372 137 s 146
372 167 s 147
372 168 s 148
372 169 s 149
373 75 s 117
373 76 s 118
373 77 s 119
373 90 s 120
373 92 s 60
373 96 s 122
373 97 s 123
373 98 s 124
373 99 s 125
373 100 s 126
373 102 s 127
373 111 s 128
373 113 s 129
373 114 s 130
373 115 s 131
373 116 s 132
373 117 s 133
373 118 s 134
373 119 s 135
373 120 s 136
373 123 s 137
373 125 s 138
373 126 s 139
373 131 s 140
373 132 s 141
373 133 s 142
373 134 s 143
373 135 s 144
373 136 s 145
373 137 s 146
373 167 s 147
373 168 s 148
373 169 s 149
374 105 s 18
374 111 s 411
374 149 s 27
374 150 s 28
374 151 s 29
374 152 s 30
374 153 s 31
374 154 s 32
374 155 s 33
374 156 s 34
374 157 s 35
374 158 s 36
374 159 s 37
374 160 s 38
374 161 s 39
374 162 s 40
374 163 s 41
374 164 s 42
374 165 s 43
374 166 s 44
375 75 r 269
375 76 r 269
375 77 r 269
375 78 r 269
375 79 r 269
375 80 r 269
375 81 r 269
375 82 r 269
375 83 r 269
375 84 r 269
375 85 r 269
375 86 r 269
375 87 r 269
375 88 r 269
375 89 r 269
375 91 r 269
375 93 r 269
375 94 r 269
375 95 r 269
375 100 r 269
375 104 r 269
375 106 r 269
375 107 r 269
375 108 r 269
375 112 r 269
375 121 r 269
375 122 r 269
375 126 r 269
375 127 r 269
375 128 r 269
375 138 r 269
375 139 r 269
375 140 r 269
375 141 r 269
375 142 r 269
375 143 r 269
376 91 s 412
377 78 r 68
377 90 r 68
377 91 r 68
377 95 r 68
377 103 r 68
378 75 s 117
378 76 s 118
378 77 s 119
378 90 s 120
378 96 s 122
378 97 s 123
378 98 s 124
378 99 s 125
378 102 s 161
378 104 s 414
378 126 s 139
378 131 s 140
378 132 s 141
378 133 s 142
378 134 s 143
378 135 s 144
378 136 s 145
378 137 s 146
378 151 s 29
378 152 s 30
378 153 s 31
378 167 s 147
378 168 s 148
378 169 s 149
379 104 s 415
380 78 r 60
380 90 r 60
380 91 r 60
380 95 r 60
380 103 r 60
381 78 r 67
381 90 r 67
381 91 r 67
381 95 r 67
381 103 r 67
382 78 r 57
382 90 r 57
382 91 r 57
382 95 r 57
382 103 r 57
383 104 s 416
384 78 r 63
384 90 r 63
384 91 r 63
384 95 r 63
384 103 r 63
385 78 r 59
385 90 r 59
385 91 r 59
385 95 r 59
385 103 r 59
386 78 r 121
386 93 r 121
387 75 s 117
387 76 s 118
387 77 s 119
387 90 s 120
387 92 s 177
387 96 s 122
387 97 s 123
387 98 s 124
387 99 s 125
387 102 s 161
387 126 s 139
387 131 s 140
387 132 s 141
387 133 s 142
387 134 s 143
387 135 s 144
387 136 s 145
387 137 s 146
387 167 s 147
387 168 s 148
387 169 s 149
388 78 r 118
388 93 r 118
388 100 r 118
389 79 r 54
389 101 r 54
389 103 r 54
390 78 r 32
390 91 r 32
390 93 r 32
390 95 r 32
390 100 r 32
390 104 r 32
391 78 r 9
391 91 r 9
392 75 r 123
392 76 r 123
392 77 r 123
392 90 r 123
392 92 r 123
392 93 r 123
392 96 r 123
392 97 r 123
392 98 r 123
392 99 r 123
392 100 r 123
392 102 r 123
392 105 r 123
392 109 r 123
392 110 r 123
392 111 r 123
392 113 r 123
392 114 r 123
392 115 r 123
392 116 r 123
392 117 r 123
392 118 r 123
392 119 r 123
392 120 r 123
392 123 r 123
392 124 r 123
392 125 r 123
392 126 r 123
392 131 r 123
392 132 r 123
392 133 r 123
392 134 r 123
392 135 r 123
392 136 r 123
392 137 r 123
392 144 r 123
392 145 r 123
392 146 r 123
392 147 r 123
392 148 r 123
392 149 r 123
392 150 r 123
392 151 r 123
392 152 r 123
392 153 r 123
392 154 r 123
392 155 r 123
392 156 r 123
392 157 r 123
392 158 r 123
392 159 r 123
392 160 r 123
392 161 r 123
392 162 r 123
392 163 r 123
392 164 r 123
392 165 r 123
392 166 r 123
392 167 r 123
392 168 r 123
392 169 r 123
393 75 r 137
393 76 r 137
393 77 r 137
393 90 r 137
393 92 r 137
393 93 r 137
393 96 r 137
393 97 r 137
393 98 r 137
393 99 r 137
393 100 r 137
393 102 r 137
393 105 r 137
393 109 r 137
393 110 r 137
393 111 r 137
393 113 r 137
393 114 r 137
393 115 r 137
393 116 r 137
393 117 r 137
393 118 r 137
393 119 r 137
393 120 r 137
393 123 r 137
393 125 r 137
393 126 r 137
393 131 r 137
393 132 r 137
393 133 r 137
393 134 r 137
393 135 r 137
393 136 r 137
393 137 r 137
393 144 r 137
393 145 r 137
393 146 r 137
393 147 r 137
393 148 r 137
393 149 r 137
393 150 r 137
393 151 r 137
393 152 r 137
393 153 r 137
393 154 r 137
393 155 r 137
393 156 r 137
393 157 r 137
393 158 r 137
393 159 r 137
393 160 r 137
393 161 r 137
393 162 r 137
393 163 r 137
393 164 r 137
393 165 r 137
393 166 r 137
393 167 r 137
393 168 r 137
393 169 r 137
394 78 s 190
394 91 s 418
395 78 s 190
395 91 s 419
396 75 s 117
396 76 s 118
396 77 s 119
396 90 s 120
396 91 s 421
396 96 s 122
396 97 s 123
396 98 s 124
396 99 s 125
396 102 s 161
396 126 s 139
396 131 s 140
396 132 s 141
396 133 s 142
396 134 s 143
396 135 s 144
396 136 s 145
396 137 s 146
396 167 s 147
396 168 s 148
396 169 s 149
397 78 s 190
397 91 s 422
398 75 s 117
398 76 s 118
398 77 s 119
398 90 s 120
398 92 s 60
398 96 s 122
398 97 s 123
398 98 s 124
398 99 s 125
398 100 s 126
398 102 s 127
398 111 s 128
398 113 s 129
398 114 s 130
398 115 s 131
398 116 s 132
398 117 s 133
398 118 s 134
398 119 s 135
398 120 s 136
398 123 s 137
398 125 s 138
398 126 s 139
398 131 s 140
398 132 s 141
398 133 s 142
398 134 s 143
398 135 s 144
398 136 s 145
398 137 s 146
398 167 s 147
398 168 s 148
398 169 s 149
399 78 s 190
399 100 s 425
400 75 s 117
400 76 s 118
400 77 s 119
400 90 s 120
400 91 s 427
400 96 s 122
400 97 s 123
400 98 s 124
400 99 s 125
400 102 s 161
400 126 s 139
400 131 s 140
400 132 s 141
400 133 s 142
400 134 s 143
400 135 s 144
400 136 s 145
400 137 s 146
400 167 s 147
400 168 s 148
400 169 s 149
401 75 s 117
401 76 s 118
401 77 s 119
401 90 s 120
401 91 s 429
401 96 s 122
401 97 s 123
401 98 s 124
401 99 s 125
401 102 s 161
401 126 s 139
401 131 s 140
401 132 s 141
401 133 s 142
401 134 s 143
401 135 s 144
401 136 s 145
401 137 s 146
401 167 s 147
401 168 s 148
401 169 s 149
402 78 s 190
402 91 s 430
403 75 s 117
403 76 s 118
403 77 s 119
403 90 s 120
403 92 s 60
403 96 s 122
403 97 s 123
403 98 s 124
403 99 s 125
403 100 s 126
403 102 s 127
403 111 s 128
403 113 s 129
403 114 s 130
403 115 s 131
403 116 s 132
403 117 s 133
403 118 s 134
403 119 s 135
403 120 s 136
403 123 s 137
403 125 s 138
403 126 s 139
403 131 s 140
403 132 s 141
403 133 s 142
403 134 s 143
403 135 s 144
403 136 s 145
403 137 s 146
403 167 s 147
403 168 s 148
403 169 s 149
404 75 r 276
404 76 r 276
404 77 r 276
404 90 r 276
404 92 r 276
404 93 r 276
404 96 r 276
404 97 r 276
404 98 r 276
404 99 r 276
404 100 r 276
404 102 r 276
404 105 r 276
404 109 r 276
404 110 r 276
404 111 r 276
404 113 r 276
404 114 r 276
404 115 r 276
404 116 r 276
404 117 r 276
404 118 r 276
404 119 r 276
404 120 r 276
404 123 r 276
404 125 r 276
404 126 r 276
404 131 r 276
404 132 r 276
404 133 r 276
404 134 r 276
404 135 r 276
404 136 r 276
404 137 r 276
404 144 r 276
404 145 r 276
404 146 r 276
404 147 r 276
404 148 r 276
404 149 r 276
404 150 r 276
404 151 r 276
404 152 r 276
404 153 r 276
404 154 r 276
404 155 r 276
404 156 r 276
404 157 r 276
404 158 r 276
404 159 r 276
404 160 r 276
404 161 r 276
404 162 r 276
404 163 r 276
404 164 r 276
404 165 r 276
404 166 r 276
404 167 r 276
404 168 r 276
404 169 r 276
405 75 r 216
405 76 r 216
405 77 r 216
405 90 r 216
405 92 r 216
405 93 r 216
405 96 r 216
405 97 r 216
405 98 r 216
405 99 r 216
405 100 r 216
405 102 r 216
405 105 r 216
405 109 r 216
405 110 r 216
405 111 r 216
405 113 r 216
405 114 r 216
405 115 r 216
405 116 r 216
405 117 r 216
405 118 r 216
405 119 r 216
405 120 r 216
405 123 r 216
405 124 s 433
405 125 r 216
405 126 r 216
405 131 r 216
405 132 r 216
405 133 r 216
405 134 r 216
405 135 r 216
405 136 r 216
405 137 r 216
405 144 r 216
405 145 r 216
405 146 r 216
405 147 r 216
405 148 r 216
405 149 r 216
405 150 r 216
405 151 r 216
405 152 r 216
405 153 r 216
405 154 r 216
405 155 r 216
405 156 r 216
405 157 r 216
405 158 r 216
405 159 r 216
405 160 r 216
405 161 r 216
405 162 r 216
405 163 r 216
405 164 r 216
405 165 r 216
405 166 r 216
405 167 r 216
405 168 r 216
405 169 r 216
406 75 r 167
406 76 r 167
406 77 r 167
406 90 r 167
406 92 r 167
406 93 r 167
406 96 r 167
406 97 r 167
406 98 r 167
406 99 r 167
406 100 r 167
406 102 r 167
406 105 r 167
406 109 r 167
406 110 r 167
406 111 r 167
406 113 r 167
406 114 r 167
406 115 r 167
406 116 r 167
406 117 r 167
406 118 r 167
406 119 r 167
406 120 r 167
406 123 r 167
406 124 r 167
406 125 r 167
406 126 r 167
406 131 r 167
406 132 r 167
406 133 r 167
406 134 r 167
406 135 r 167
406 136 r 167
406 137 r 167
406 144 r 167
406 145 r 167
406 146 r 167
406 147 r 167
406 148 r 167
406 149 r 167
406 150 r 167
406 151 r 167
406 152 r 167
406 153 r 167
406 154 r 167
406 155 r 167
406 156 r 167
406 157 r 167
406 158 r 167
406 159 r 167
406 160 r 167
406 161 r 167
406 162 r 167
406 163 r 167
406 164 r 167
406 165 r 167
406 166 r 167
406 167 r 167
406 168 r 167
406 169 r 167
407 75 r 278
407 76 r 278
407 77 r 278
407 90 r 278
407 92 r 278
407 93 r 278
407 96 r 278
407 97 r 278
407 98 r 278
407 99 r 278
407 100 r 278
407 102 r 278
407 105 r 278
407 109 r 278
407 110 r 278
407 111 r 278
407 113 r 278
407 114 r 278
407 115 r 278
407 116 r 278
407 117 r 278
407 118 r 278
407 119 r 278
407 120 r 278
407 123 r 278
407 125 r 278
407 126 r 278
407 131 r 278
407 132 r 278
407 133 r 278
407 134 r 278
407 135 r 278
407 136 r 278
407 137 r 278
407 144 r 278
407 145 r 278
407 146 r 278
407 147 r 278
407 148 r 278
407 149 r 278
407 150 r 278
407 151 r 278
407 152 r 278
407 153 r 278
407 154 r 278
407 155 r 278
407 156 r 278
407 157 r 278
407 158 r 278
407 159 r 278
407 160 r 278
407 161 r 278
407 162 r 278
407 163 r 278
407 164 r 278
407 165 r 278
407 166 r 278
407 167 r 278
407 168 r 278
407 169 r 278
408 95 s 434
409 78 s 435
409 91 s 436
410 78 r 104
410 91 r 104
411 95 s 437
412 78 r 66
412 90 r 66
412 91 r 66
412 95 r 66
412 103 r 66
413 104 s 438
414 78 r 62
414 90 r 62
414 91 r 62
414 95 r 62
414 103 r 62
415 78 r 58
415 90 r 58
415 91 r 58
415 95 r 58
415 103 r 58
416 78 r 65
416 90 r 65
416 91 r 65
416 95 r 65
416 103 r 65
417 78 r 122
417 93 r 122
418 100 s 439
419 100 s 440
420 78 s 190
420 91 s 441
421 75 s 117
421 76 s 118
421 77 s 119
421 90 s 120
421 92 s 60
421 96 s 122
421 97 s 123
421 98 s 124
421 99 s 125
421 100 s 126
421 102 s 127
421 111 s 128
421 113 s 129
421 114 s 130
421 115 s 131
421 116 s 132
421 117 s 133
421 118 s 134
421 119 s 135
421 120 s 136
421 123 s 137
421 125 s 138
421 126 s 139
421 131 s 140
421 132 s 141
421 133 s 142
421 134 s 143
421 135 s 144
421 136 s 145
421 137 s 146
421 167 s 147
421 168 s 148
421 169 s 149
422 75 s 117
422 76 s 118
422 77 s 119
422 90 s 120
422 92 s 60
422 96 s 122
422 97 s 123
422 98 s 124
422 99 s 125
422 100 s 126
422 102 s 127
422 111 s 128
422 113 s 129
422 114 s 130
422 115 s 131
422 116 s 132
422 117 s 133
422 118 s 134
422 119 s 135
422 120 s 136
422 123 s 137
422 125 s 138
422 126 s 139
422 131 s 140
422 132 s 141
422 133 s 142
422 134 s 143
422 135 s 144
422 136 s 145
422 137 s 146
422 167 s 147
422 168 s 148
422 169 s 149
423 75 r 136
423 76 r 136
423 77 r 136
423 90 r 136
423 92 r 136
423 93 r 136
423 96 r 136
423 97 r 136
423 98 r 136
423 99 r 136
423 100 r 136
423 102 r 136
423 105 r 136
423 109 r 136
423 110 r 136
423 111 r 136
423 113 r 136
423 114 r 136
423 115 r 136
423 116 r 136
423 117 r 136
423 118 r 136
423 119 r 136
423 120 r 136
423 123 r 136
423 124 r 136
423 125 r 136
423 126 r 136
423 131 r 136
423 132 r 136
423 133 r 136
423 134 r 136
423 135 r 136
423 136 r 136
423 137 r 136
423 144 r 136
423 145 r 136
423 146 r 136
423 147 r 136
423 148 r 136
423 149 r 136
423 150 r 136
423 151 r 136
423 152 r 136
423 153 r 136
423 154 r 136
423 155 r 136
423 156 r 136
423 157 r 136
423 158 r 136
423 159 r 136
423 160 r 136
423 161 r 136
423 162 r 136
423 163 r 136
423 164 r 136
423 165 r 136
423 166 r 136
423 167 r 136
423 168 r 136
423 169 r 136
424 75 r 150
424 76 r 150
424 77 r 150
424 90 r 150
424 92 r 150
424 93 r 150
424 96 r 150
424 97 r 150
424 98 r 150
424 99 r 150
424 100 r 150
424 102 r 150
424 105 r 150
424 109 r 150
424 110 r 150
424 111 r 150
424 113 r 150
424 114 r 150
424 115 r 150
424 116 r 150
424 117 r 150
424 118 r 150
424 119 r 150
424 120 r 150
424 123 r 150
424 125 r 150
424 126 r 150
424 131 r 150
424 132 r 150
424 133 r 150
424 134 r 150
424 135 r 150
424 136 r 150
424 137 r 150
424 144 r 150
424 145 r 150
424 146 r 150
424 147 r 150
424 148 r 150
424 149 r 150
424 150 r 150
424 151 r 150
424 152 r 150
424 153 r 150
424 154 r 150
424 155 r 150
424 156 r 150
424 157 r 150
424 158 r 150
424 159 r 150
424 160 r 150
424 161 r 150
424 162 r 150
424 163 r 150
424 164 r 150
424 165 r 150
424 166 r 150
424 167 r 150
424 168 r 150
424 169 r 150
425 75 s 117
425 76 s 118
425 77 s 119
425 90 s 120
425 91 s 447
425 96 s 122
425 97 s 123
425 98 s 124
425 99 s 125
425 102 s 161
425 126 s 139
425 131 s 140
425 132 s 141
425 133 s 142
425 134 s 143
425 135 s 144
425 136 s 145
425 137 s 146
425 167 s 147
425 168 s 148
425 169 s 149
426 78 s 190
426 91 s 448
427 75 s 117
427 76 s 118
427 77 s 119
427 90 s 120
427 92 s 60
427 96 s 122
427 97 s 123
427 98 s 124
427 99 s 125
427 100 s 126
427 102 s 127
427 111 s 128
427 113 s 129
427 114 s 130
427 115 s 131
427 116 s 132
427 117 s 133
427 118 s 134
427 119 s 135
427 120 s 136
427 123 s 137
427 125 s 138
427 126 s 139
427 131 s 140
427 132 s 141
427 133 s 142
427 134 s 143
427 135 s 144
427 136 s 145
427 137 s 146
427 167 s 147
427 168 s 148
427 169 s 149
428 78 s 190
428 91 s 451
429 75 s 117
429 76 s 118
429 77 s 119
429 90 s 120
429 92 s 60
429 96 s 122
429 97 s 123
429 98 s 124
429 99 s 125
429 100 s 126
429 102 s 127
429 111 s 128
429 113 s 129
429 114 s 130
429 115 s 131
429 116 s 132
429 117 s 133
429 118 s 134
429 119 s 135
429 120 s 136
429 123 s 137
429 125 s 138
429 126 s 139
429 131 s 140
429 132 s 141
429 133 s 142
429 134 s 143
429 135 s 144
429 136 s 145
429 137 s 146
429 167 s 147
429 168 s 148
429 169 s 149
430 75 s 117
430 76 s 118
430 77 s 119
430 90 s 120
430 92 s 60
430 96 s 122
430 97 s 123
430 98 s 124
430 99 s 125
430 100 s 126
430 102 s 127
430 111 s 128
430 113 s 129
430 114 s 130
430 115 s 131
430 116 s 132
430 117 s 133
430 118 s 134
430 119 s 135
430 120 s 136
430 123 s 137
430 125 s 138
430 126 s 139
430 131 s 140
430 132 s 141
430 133 s 142
430 134 s 143
430 135 s 144
430 136 s 145
430 137 s 146
430 167 s 147
430 168 s 148
430 169 s 149
431 75 r 132
431 76 r 132
431 77 r 132
431 90 r 132
431 92 r 132
431 93 r 132
431 96 r 132
431 97 r 132
431 98 r 132
431 99 r 132
431 100 r 132
431 102 r 132
431 105 r 132
431 109 r 132
431 110 r 132
431 111 r 132
431 113 r 132
431 114 r 132
431 115 r 132
431 116 r 132
431 117 r 132
431 118 r 132
431 119 r 132
431 120 r 132
431 123 r 132
431 124 r 132
431 125 r 132
431 126 r 132
431 131 r 132
431 132 r 132
431 133 r 132
431 134 r 132
431 135 r 132
431 136 r 132
431 137 r 132
431 144 r 132
431 145 r 132
431 146 r 132
431 147 r 132
431 148 r 132
431 149 r 132
431 150 r 132
431 151 r 132
431 152 r 132
431 153 r 132
431 154 r 132
431 155 r 132
431 156 r 132
431 157 r 132
431 158 r 132
431 159 r 132
431 160 r 132
431 161 r 132
431 162 r 132
431 163 r 132
431 164 r 132
431 165 r 132
431 166 r 132
431 167 r 132
431 168 r 132
431 169 r 132
432 75 r 146
432 76 r 146
432 77 r 146
432 90 r 146
432 92 r 146
432 93 r 146
432 96 r 146
432 97 r 146
432 98 r 146
432 99 r 146
432 100 r 146
432 102 r 146
432 105 r 146
432 109 r 146
432 110 r 146
432 111 r 146
432 113 r 146
432 114 r 146
432 115 r 146
432 116 r 146
432 117 r 146
432 118 r 146
432 119 r 146
432 120 r 146
432 123 r 146
432 125 r 146
432 126 r 146
432 131 r 146
432 132 r 146
432 133 r 146
432 134 r 146
432 135 r 146
432 136 r 146
432 137 r 146
432 144 r 146
432 145 r 146
432 146 r 146
432 147 r 146
432 148 r 146
432 149 r 146
432 150 r 146
432 151 r 146
432 152 r 146
432 153 r 146
432 154 r 146
432 155 r 146
432 156 r 146
432 157 r 146
432 158 r 146
432 159 r 146
432 160 r 146
432 161 r 146
432 162 r 146
432 163 r 146
432 164 r 146
432 165 r 146
432 166 r 146
432 167 r 146
432 168 r 146
432 169 r 146
433 75 s 117
433 76 s 118
433 77 s 119
433 90 s 120
433 92 s 60
433 96 s 122
433 97 s 123
433 98 s 124
433 99 s 125
433 100 s 126
433 102 s 127
433 111 s 128
433 113 s 129
433 114 s 130
433 115 s 131
433 116 s 132
433 117 s 133
433 118 s 134
433 119 s 135
433 120 s 136
433 123 s 137
433 125 s 138
433 126 s 139
433 131 s 140
433 132 s 141
433 133 s 142
433 134 s 143
433 135 s 144
433 136 s 145
433 137 s 146
433 167 s 147
433 168 s 148
433 169 s 149
434 75 s 117
434 76 s 118
434 77 s 119
434 90 s 120
434 96 s 122
434 97 s 123
434 98 s 124
434 99 s 125
434 102 s 161
434 126 s 139
434 131 s 140
434 132 s 141
434 133 s 142
434 134 s 143
434 135 s 144
434 136 s 145
434 137 s 146
434 167 s 147
434 168 s 148
434 169 s 149
435 105 s 18
435 111 s 411
435 149 s 27
435 150 s 28
435 151 s 29
435 152 s 30
435 153 s 31
435 154 s 32
435 155 s 33
435 156 s 34
435 157 s 35
435 158 s 36
435 159 s 37
435 160 s 38
435 161 s 39
435 162 s 40
435 163 s 41
435 164 s 42
435 165 s 43
435 166 s 44
436 75 r 203
436 76 r 203
436 77 r 203
436 78 r 203
436 79 r 203
436 80 r 203
436 81 r 203
436 82 r 203
436 83 r 203
436 84 r 203
436 85 r 203
436 86 r 203
436 87 r 203
436 88 r 203
436 89 r 203
436 90 r 203
436 91 r 203
436 93 r 203
436 94 r 203
436 95 r 203
436 100 r 203
436 101 r 203
436 103 r 203
436 104 r 203
436 106 r 203
436 107 r 203
436 108 r 203
436 112 r 203
436 121 r 203
436 122 r 203
436 126 r 203
436 127 r 203
436 128 r 203
436 130 r 203
436 131 r 203
436 132 r 203
436 138 r 203
436 139 r 203
436 140 r 203
436 141 r 203
436 142 r 203
436 143 r 203
437 75 s 117
437 76 s 118
437 77 s 119
437 90 s 120
437 96 s 122
437 97 s 123
437 98 s 124
437 99 s 125
437 102 s 161
437 126 s 139
437 131 s 140
437 132 s 141
437 133 s 142
437 134 s 143
437 135 s 144
437 136 s 145
437 137 s 146
437 167 s 147
437 168 s 148
437 169 s 149
438 78 r 64
438 90 r 64
438 91 r 64
438 95 r 64
438 103 r 64
439 75 r 124
439 76 r 124
439 77 r 124
439 90 r 124
439 92 r 124
439 93 r 124
439 96 r 124
439 97 r 124
439 98 r 124
439 99 r 124
439 100 r 124
439 102 r 124
439 105 r 124
439 109 r 124
439 110 r 124
439 111 r 124
439 113 r 124
439 114 r 124
439 115 r 124
439 116 r 124
439 117 r 124
439 118 r 124
439 119 r 124
439 120 r 124
439 123 r 124
439 124 r 124
439 125 r 124
439 126 r 124
439 131 r 124
439 132 r 124
439 133 r 124
439 134 r 124
439 135 r 124
439 136 r 124
439 137 r 124
439 144 r 124
439 145 r 124
439 146 r 124
439 147 r 124
439 148 r 124
439 149 r 124
439 150 r 124
439 151 r 124
439 152 r 124
439 153 r 124
439 154 r 124
439 155 r 124
439 156 r 124
439 157 r 124
439 158 r 124
439 159 r 124
439 160 r 124
439 161 r 124
439 162 r 124
439 163 r 124
439 164 r 124
439 165 r 124
439 166 r 124
439 167 r 124
439 168 r 124
439 169 r 124
440 75 r 138
440 76 r 138
440 77 r 138
440 90 r 138
440 92 r 138
440 93 r 138
440 96 r 138
440 97 r 138
440 98 r 138
440 99 r 138
440 100 r 138
440 102 r 138
440 105 r 138
440 109 r 138
440 110 r 138
440 111 r 138
440 113 r 138
440 114 r 138
440 115 r 138
440 116 r 138
440 117 r 138
440 118 r 138
440 119 r 138
440 120 r 138
440 123 r 138
440 125 r 138
440 126 r 138
440 131 r 138
440 132 r 138
440 133 r 138
440 134 r 138
440 135 r 138
440 136 r 138
440 137 r 138
440 144 r 138
440 145 r 138
440 146 r 138
440 147 r 138
440 148 r 138
440 149 r 138
440 150 r 138
440 151 r 138
440 152 r 138
440 153 r 138
440 154 r 138
440 155 r 138
440 156 r 138
440 157 r 138
440 158 r 138
440 159 r 138
440 160 r 138
440 161 r 138
440 162 r 138
440 163 r 138
440 164 r 138
440 165 r 138
440 166 r 138
440 167 r 138
440 168 r 138
440 169 r 138
441 75 s 117
441 76 s 118
441 77 s 119
441 90 s 120
441 92 s 60
441 96 s 122
441 97 s 123
441 98 s 124
441 99 s 125
441 100 s 126
441 102 s 127
441 111 s 128
441 113 s 129
441 114 s 130
441 115 s 131
441 116 s 132
441 117 s 133
441 118 s 134
441 119 s 135
441 120 s 136
441 123 s 137
441 125 s 138
441 126 s 139
441 131 s 140
441 132 s 141
441 133 s 142
441 134 s 143
441 135 s 144
441 136 s 145
441 137 s 146
441 167 s 147
441 168 s 148
441 169 s 149
442 75 r 134
442 76 r 134
442 77 r 134
442 90 r 134
442 92 r 134
442 93 r 134
442 96 r 134
442 97 r 134
442 98 r 134
442 99 r 134
442 100 r 134
442 102 r 134
442 105 r 134
442 109 r 134
442 110 r 134
442 111 r 134
442 113 r 134
442 114 r 134
442 115 r 134
442 116 r 134
442 117 r 134
442 118 r 134
442 119 r 134
442 120 r 134
442 123 r 134
442 124 r 134
442 125 r 134
442 126 r 134
442 131 r 134
442 132 r 134
442 133 r 134
442 134 r 134
442 135 r 134
442 136 r 134
442 137 r 134
442 144 r 134
442 145 r 134
442 146 r 134
442 147 r 134
442 148 r 134
442 149 r 134
442 150 r 134
442 151 r 134
442 152 r 134
442 153 r 134
442 154 r 134
442 155 r 134
442 156 r 134
442 157 r 134
442 158 r 134
442 159 r 134
442 160 r 134
442 161 r 134
442 162 r 134
442 163 r 134
442 164 r 134
442 165 r 134
442 166 r 134
442 167 r 134
442 168 r 134
442 169 r 134
443 75 r 148
443 76 r 148
443 77 r 148
443 90 r 148
443 92 r 148
443 93 r 148
443 96 r 148
443 97 r 148
443 98 r 148
443 99 r 148
443 100 r 148
443 102 r 148
443 105 r 148
443 109 r 148
443 110 r 148
443 111 r 148
443 113 r 148
443 114 r 148
443 115 r 148
443 116 r 148
443 117 r 148
443 118 r 148
443 119 r 148
443 120 r 148
443 123 r 148
443 125 r 148
443 126 r 148
443 131 r 148
443 132 r 148
443 133 r 148
443 134 r 148
443 135 r 148
443 136 r 148
443 137 r 148
443 144 r 148
443 145 r 148
443 146 r 148
443 147 r 148
443 148 r 148
443 149 r 148
443 150 r 148
443 151 r 148
443 152 r 148
443 153 r 148
443 154 r 148
443 155 r 148
443 156 r 148
443 157 r 148
443 158 r 148
443 159 r 148
443 160 r 148
443 161 r 148
443 162 r 148
443 163 r 148
443 164 r 148
443 165 r 148
443 166 r 148
443 167 r 148
443 168 r 148
443 169 r 148
444 75 r 135
444 76 r 135
444 77 r 135
444 90 r 135
444 92 r 135
444 93 r 135
444 96 r 135
444 97 r 135
444 98 r 135
444 99 r 135
444 100 r 135
444 102 r 135
444 105 r 135
444 109 r 135
444 110 r 135
444 111 r 135
444 113 r 135
444 114 r 135
444 115 r 135
444 116 r 135
444 117 r 135
444 118 r 135
444 119 r 135
444 120 r 135
444 123 r 135
444 124 r 135
444 125 r 135
444 126 r 135
444 131 r 135
444 132 r 135
444 133 r 135
444 134 r 135
444 135 r 135
444 136 r 135
444 137 r 135
444 144 r 135
444 145 r 135
444 146 r 135
444 147 r 135
444 148 r 135
444 149 r 135
444 150 r 135
444 151 r 135
444 152 r 135
444 153 r 135
444 154 r 135
444 155 r 135
444 156 r 135
444 157 r 135
444 158 r 135
444 159 r 135
444 160 r 135
444 161 r 135
444 162 r 135
444 163 r 135
444 164 r 135
444 165 r 135
444 166 r 135
444 167 r 135
444 168 r 135
444 169 r 135
445 75 r 149
445 76 r 149
445 77 r 149
445 90 r 149
445 92 r 149
445 93 r 149
445 96 r 149
445 97 r 149
445 98 r 149
445 99 r 149
445 100 r 149
445 102 r 149
445 105 r 149
445 109 r 149
445 110 r 149
445 111 r 149
445 113 r 149
445 114 r 149
445 115 r 149
445 116 r 149
445 117 r 149
445 118 r 149
445 119 r 149
445 120 r 149
445 123 r 149
445 125 r 149
445 126 r 149
445 131 r 149
445 132 r 149
445 133 r 149
445 134 r 149
445 135 r 149
445 136 r 149
445 137 r 149
445 144 r 149
445 145 r 149
445 146 r 149
445 147 r 149
445 148 r 149
445 149 r 149
445 150 r 149
445 151 r 149
445 152 r 149
445 153 r 149
445 154 r 149
445 155 r 149
445 156 r 149
445 157 r 149
445 158 r 149
445 159 r 149
445 160 r 149
445 161 r 149
445 162 r 149
445 163 r 149
445 164 r 149
445 165 r 149
445 166 r 149
445 167 r 149
445 168 r 149
445 169 r 149
446 78 s 190
446 91 s 463
447 75 s 117
447 76 s 118
447 77 s 119
447 90 s 120
447 92 s 60
447 96 s 122
447 97 s 123
447 98 s 124
447 99 s 125
447 100 s 126
447 102 s 127
447 111 s 128
447 113 s 129
447 114 s 130
447 115 s 131
447 116 s 132
447 117 s 133
447 118 s 134
447 119 s 135
447 120 s 136
447 123 s 137
447 125 s 138
447 126 s 139
447 131 s 140
447 132 s 141
447 133 s 142
447 134 s 143
447 135 s 144
447 136 s 145
447 137 s 146
447 167 s 147
447 168 s 148
447 169 s 149
448 75 s 117
448 76 s 118
448 77 s 119
448 90 s 120
448 92 s 60
448 96 s 122
448 97 s 123
448 98 s 124
448 99 s 125
448 100 s 126
448 102 s 127
448 111 s 128
448 113 s 129
448 114 s 130
448 115 s 131
448 116 s 132
448 117 s 133
448 118 s 134
448 119 s 135
448 120 s 136
448 123 s 137
448 125 s 138
448 126 s 139
448 131 s 140
448 132 s 141
448 133 s 142
448 134 s 143
448 135 s 144
448 136 s 145
448 137 s 146
448 167 s 147
448 168 s 148
448 169 s 149
449 75 r 128
449 76 r 128
449 77 r 128
449 90 r 128
449 92 r 128
449 93 r 128
449 96 r 128
449 97 r 128
449 98 r 128
449 99 r 128
449 100 r 128
449 102 r 128
449 105 r 128
449 109 r 128
449 110 r 128
449 111 r 128
449 113 r 128
449 114 r 128
449 115 r 128
449 116 r 128
449 117 r 128
449 118 r 128
449 119 r 128
449 120 r 128
449 123 r 128
449 124 r 128
449 125 r 128
449 126 r 128
449 131 r 128
449 132 r 128
449 133 r 128
449 134 r 128
449 135 r 128
449 136 r 128
449 137 r 128
449 144 r 128
449 145 r 128
449 146 r 128
449 147 r 128
449 148 r 128
449 149 r 128
449 150 r 128
449 151 r 128
449 152 r 128
449 153 r 128
449 154 r 128
449 155 r 128
449 156 r 128
449 157 r 128
449 158 r 128
449 159 r 128
449 160 r 128
449 161 r 128
449 162 r 128
449 163 r 128
449 164 r 128
449 165 r 128
449 166 r 128
449 167 r 128
449 168 r 128
449 169 r 128
450 75 r 142
450 76 r 142
450 77 r 142
450 90 r 142
450 92 r 142
450 93 r 142
450 96 r 142
450 97 r 142
450 98 r 142
450 99 r 142
450 100 r 142
450 102 r 142
450 105 r 142
450 109 r 142
450 110 r 142
450 111 r 142
450 113 r 142
450 114 r 142
450 115 r 142
450 116 r 142
450 117 r 142
450 118 r 142
450 119 r 142
450 120 r 142
450 123 r 142
450 125 r 142
450 126 r 142
450 131 r 142
450 132 r 142
450 133 r 142
450 134 r 142
450 135 r 142
450 136 r 142
450 137 r 142
450 144 r 142
450 145 r 142
450 146 r 142
450 147 r 142
450 148 r 142
450 149 r 142
450 150 r 142
450 151 r 142
450 152 r 142
450 153 r 142
450 154 r 142
450 155 r 142
450 156 r 142
450 157 r 142
450 158 r 142
450 159 r 142
450 160 r 142
450 161 r 142
450 162 r 142
450 163 r 142
450 164 r 142
450 165 r 142
450 166 r 142
450 167 r 142
450 168 r 142
450 169 r 142
451 75 s 117
451 76 s 118
451 77 s 119
451 90 s 120
451 92 s 60
451 96 s 122
451 97 s 123
451 98 s 124
451 99 s 125
451 100 s 126
451 102 s 127
451 111 s 128
451 113 s 129
451 114 s 130
451 115 s 131
451 116 s 132
451 117 s 133
451 118 s 134
451 119 s 135
451 120 s 136
451 123 s 137
451 125 s 138
451 126 s 139
451 131 s 140
451 132 s 141
451 133 s 142
451 134 s 143
451 135 s 144
451 136 s 145
451 137 s 146
451 167 s 147
451 168 s 148
451 169 s 149
452 75 r 130
452 76 r 130
452 77 r 130
452 90 r 130
452 92 r 130
452 93 r 130
452 96 r 130
452 97 r 130
452 98 r 130
452 99 r 130
452 100 r 130
452 102 r 130
452 105 r 130
452 109 r 130
452 110 r 130
452 111 r 130
452 113 r 130
452 114 r 130
452 115 r 130
452 116 r 130
452 117 r 130
452 118 r 130
452 119 r 130
452 120 r 130
452 123 r 130
452 124 r 130
452 125 r 130
452 126 r 130
452 131 r 130
452 132 r 130
452 133 r 130
452 134 r 130
452 135 r 130
452 136 r 130
452 137 r 130
452 144 r 130
452 145 r 130
452 146 r 130
452 147 r 130
452 148 r 130
452 149 r 130
452 150 r 130
452 151 r 130
452 152 r 130
452 153 r 130
452 154 r 130
452 155 r 130
452 156 r 130
452 157 r 130
452 158 r 130
452 159 r 130
452 160 r 130
452 161 r 130
452 162 r 130
452 163 r 130
452 164 r 130
452 165 r 130
452 166 r 130
452 167 r 130
452 168 r 130
452 169 r 130
453 75 r 144
453 76 r 144
453 77 r 144
453 90 r 144
453 92 r 144
453 93 r 144
453 96 r 144
453 97 r 144
453 98 r 144
453 99 r 144
453 100 r 144
453 102 r 144
453 105 r 144
453 109 r 144
453 110 r 144
453 111 r 144
453 113 r 144
453 114 r 144
453 115 r 144
453 116 r 144
453 117 r 144
453 118 r 144
453 119 r 144
453 120 r 144
453 123 r 144
453 125 r 144
453 126 r 144
453 131 r 144
453 132 r 144
453 133 r 144
453 134 r 144
453 135 r 144
453 136 r 144
453 137 r 144
453 144 r 144
453 145 r 144
453 146 r 144
453 147 r 144
453 148 r 144
453 149 r 144
453 150 r 144
453 151 r 144
453 152 r 144
453 153 r 144
453 154 r 144
453 155 r 144
453 156 r 144
453 157 r 144
453 158 r 144
453 159 r 144
453 160 r 144
453 161 r 144
453 162 r 144
453 163 r 144
453 164 r 144
453 165 r 144
453 166 r 144
453 167 r 144
453 168 r 144
453 169 r 144
454 75 r 131
454 76 r 131
454 77 r 131
454 90 r 131
454 92 r 131
454 93 r 131
454 96 r 131
454 97 r 131
454 98 r 131
454 99 r 131
454 100 r 131
454 102 r 131
454 105 r 131
454 109 r 131
454 110 r 131
454 111 r 131
454 113 r 131
454 114 r 131
454 115 r 131
454 116 r 131
454 117 r 131
454 118 r 131
454 119 r 131
454 120 r 131
454 123 r 131
454 124 r 131
454 125 r 131
454 126 r 131
454 131 r 131
454 132 r 131
454 133 r 131
454 134 r 131
454 135 r 131
454 136 r 131
454 137 r 131
454 144 r 131
454 145 r 131
454 146 r 131
454 147 r 131
454 148 r 131
454 149 r 131
454 150 r 131
454 151 r 131
454 152 r 131
454 153 r 131
454 154 r 131
454 155 r 131
454 156 r 131
454 157 r 131
454 158 r 131
454 159 r 131
454 160 r 131
454 161 r 131
454 162 r 131
454 163 r 131
454 164 r 131
454 165 r 131
454 166 r 131
454 167 r 131
454 168 r 131
454 169 r 131
455 75 r 145
455 76 r 145
455 77 r 145
455 90 r 145
455 92 r 145
455 93 r 145
455 96 r 145
455 97 r 145
455 98 r 145
455 99 r 145
455 100 r 145
455 102 r 145
455 105 r 145
455 109 r 145
455 110 r 145
455 111 r 145
455 113 r 145
455 114 r 145
455 115 r 145
455 116 r 145
455 117 r 145
455 118 r 145
455 119 r 145
455 120 r 145
455 123 r 145
455 125 r 145
455 126 r 145
455 131 r 145
455 132 r 145
455 133 r 145
455 134 r 145
455 135 r 145
455 136 r 145
455 137 r 145
455 144 r 145
455 145 r 145
455 146 r 145
455 147 r 145
455 148 r 145
455 149 r 145
455 150 r 145
455 151 r 145
455 152 r 145
455 153 r 145
455 154 r 145
455 155 r 145
455 156 r 145
455 157 r 145
455 158 r 145
455 159 r 145
455 160 r 145
455 161 r 145
455 162 r 145
455 163 r 145
455 164 r 145
455 165 r 145
455 166 r 145
455 167 r 145
455 168 r 145
455 169 r 145
456 75 r 166
456 76 r 166
456 77 r 166
456 90 r 166
456 92 r 166
456 93 r 166
456 96 r 166
456 97 r 166
456 98 r 166
456 99 r 166
456 100 r 166
456 102 r 166
456 105 r 166
456 109 r 166
456 110 r 166
456 111 r 166
456 113 r 166
456 114 r 166
456 115 r 166
456 116 r 166
456 117 r 166
456 118 r 166
456 119 r 166
456 120 r 166
456 123 r 166
456 124 r 166
456 125 r 166
456 126 r 166
456 131 r 166
456 132 r 166
456 133 r 166
456 134 r 166
456 135 r 166
456 136 r 166
456 137 r 166
456 144 r 166
456 145 r 166
456 146 r 166
456 147 r 166
456 148 r 166
456 149 r 166
456 150 r 166
456 151 r 166
456 152 r 166
456 153 r 166
456 154 r 166
456 155 r 166
456 156 r 166
456 157 r 166
456 158 r 166
456 159 r 166
456 160 r 166
456 161 r 166
456 162 r 166
456 163 r 166
456 164 r 166
456 165 r 166
456 166 r 166
456 167 r 166
456 168 r 166
456 169 r 166
457 75 r 277
457 76 r 277
457 77 r 277
457 90 r 277
457 92 r 277
457 93 r 277
457 96 r 277
457 97 r 277
457 98 r 277
457 99 r 277
457 100 r 277
457 102 r 277
457 105 r 277
457 109 r 277
457 110 r 277
457 111 r 277
457 113 r 277
457 114 r 277
457 115 r 277
457 116 r 277
457 117 r 277
457 118 r 277
457 119 r 277
457 120 r 277
457 123 r 277
457 125 r 277
457 126 r 277
457 131 r 277
457 132 r 277
457 133 r 277
457 134 r 277
457 135 r 277
457 136 r 277
457 137 r 277
457 144 r 277
457 145 r 277
457 146 r 277
457 147 r 277
457 148 r 277
457 149 r 277
457 150 r 277
457 151 r 277
457 152 r 277
457 153 r 277
457 154 r 277
457 155 r 277
457 156 r 277
457 157 r 277
457 158 r 277
457 159 r 277
457 160 r 277
457 161 r 277
457 162 r 277
457 163 r 277
457 164 r 277
457 165 r 277
457 166 r 277
457 167 r 277
457 168 r 277
457 169 r 277
458 78 r 106
458 91 r 106
459 78 r 105
459 91 r 105
460 78 r 107
460 91 r 107
461 75 r 133
461 76 r 133
461 77 r 133
461 90 r 133
461 92 r 133
461 93 r 133
461 96 r 133
461 97 r 133
461 98 r 133
461 99 r 133
461 100 r 133
461 102 r 133
461 105 r 133
461 109 r 133
461 110 r 133
461 111 r 133
461 113 r 133
461 114 r 133
461 115 r 133
461 116 r 133
461 117 r 133
461 118 r 133
461 119 r 133
461 120 r 133
461 123 r 133
461 124 r 133
461 125 r 133
461 126 r 133
461 131 r 133
461 132 r 133
461 133 r 133
461 134 r 133
461 135 r 133
461 136 r 133
461 137 r 133
461 144 r 133
461 145 r 133
461 146 r 133
461 147 r 133
461 148 r 133
461 149 r 133
461 150 r 133
461 151 r 133
461 152 r 133
461 153 r 133
461 154 r 133
461 155 r 133
461 156 r 133
461 157 r 133
461 158 r 133
461 159 r 133
461 160 r 133
461 161 r 133
461 162 r 133
461 163 r 133
461 164 r 133
461 165 r 133
461 166 r 133
461 167 r 133
461 168 r 133
461 169 r 133
462 75 r 147
462 76 r 147
462 77 r 147
462 90 r 147
462 92 r 147
462 93 r 147
462 96 r 147
462 97 r 147
462 98 r 147
462 99 r 147
462 100 r 147
462 102 r 147
462 105 r 147
462 109 r 147
462 110 r 147
462 111 r 147
462 113 r 147
462 114 r 147
462 115 r 147
462 116 r 147
462 117 r 147
462 118 r 147
462 119 r 147
462 120 r 147
462 123 r 147
462 125 r 147
462 126 r 147
462 131 r 147
462 132 r 147
462 133 r 147
462 134 r 147
462 135 r 147
462 136 r 147
462 137 r 147
462 144 r 147
462 145 r 147
462 146 r 147
462 147 r 147
462 148 r 147
462 149 r 147
462 150 r 147
462 151 r 147
462 152 r 147
462 153 r 147
462 154 r 147
462 155 r 147
462 156 r 147
462 157 r 147
462 158 r 147
462 159 r 147
462 160 r 147
462 161 r 147
462 162 r 147
462 163 r 147
462 164 r 147
462 165 r 147
462 166 r 147
462 167 r 147
462 168 r 147
462 169 r 147
463 75 s 117
463 76 s 118
463 77 s 119
463 90 s 120
463 92 s 60
463 96 s 122
463 97 s 123
463 98 s 124
463 99 s 125
463 100 s 126
463 102 s 127
463 111 s 128
463 113 s 129
463 114 s 130
463 115 s 131
463 116 s 132
463 117 s 133
463 118 s 134
463 119 s 135
463 120 s 136
463 123 s 137
463 125 s 138
463 126 s 139
463 131 s 140
463 132 s 141
463 133 s 142
463 134 s 143
463 135 s 144
463 136 s 145
463 137 s 146
463 167 s 147
463 168 s 148
463 169 s 149
464 75 r 126
464 76 r 126
464 77 r 126
464 90 r 126
464 92 r 126
464 93 r 126
464 96 r 126
464 97 r 126
464 98 r 126
464 99 r 126
464 100 r 126
464 102 r 126
464 105 r 126
464 109 r 126
464 110 r 126
464 111 r 126
464 113 r 126
464 114 r 126
464 115 r 126
464 116 r 126
464 117 r 126
464 118 r 126
464 119 r 126
464 120 r 126
464 123 r 126
464 124 r 126
464 125 r 126
464 126 r 126
464 131 r 126
464 132 r 126
464 133 r 126
464 134 r 126
464 135 r 126
464 136 r 126
464 137 r 126
464 144 r 126
464 145 r 126
464 146 r 126
464 147 r 126
464 148 r 126
464 149 r 126
464 150 r 126
464 151 r 126
464 152 r 126
464 153 r 126
464 154 r 126
464 155 r 126
464 156 r 126
464 157 r 126
464 158 r 126
464 159 r 126
464 160 r 126
464 161 r 126
464 162 r 126
464 163 r 126
464 164 r 126
464 165 r 126
464 166 r 126
464 167 r 126
464 168 r 126
464 169 r 126
465 75 r 140
465 76 r 140
465 77 r 140
465 90 r 140
465 92 r 140
465 93 r 140
465 96 r 140
465 97 r 140
465 98 r 140
465 99 r 140
465 100 r 140
465 102 r 140
465 105 r 140
465 109 r 140
465 110 r 140
465 111 r 140
465 113 r 140
465 114 r 140
465 115 r 140
465 116 r 140
465 117 r 140
465 118 r 140
465 119 r 140
465 120 r 140
465 123 r 140
465 125 r 140
465 126 r 140
465 131 r 140
465 132 r 140
465 133 r 140
465 134 r 140
465 135 r 140
465 136 r 140
465 137 r 140
465 144 r 140
465 145 r 140
465 146 r 140
465 147 r 140
465 148 r 140
465 149 r 140
465 150 r 140
465 151 r 140
465 152 r 140
465 153 r 140
465 154 r 140
465 155 r 140
465 156 r 140
465 157 r 140
465 158 r 140
465 159 r 140
465 160 r 140
465 161 r 140
465 162 r 140
465 163 r 140
465 164 r 140
465 165 r 140
465 166 r 140
465 167 r 140
465 168 r 140
465 169 r 140
466 75 r 127
466 76 r 127
466 77 r 127
466 90 r 127
466 92 r 127
466 93 r 127
466 96 r 127
466 97 r 127
466 98 r 127
466 99 r 127
466 100 r 127
466 102 r 127
466 105 r 127
466 109 r 127
466 110 r 127
466 111 r 127
466 113 r 127
466 114 r 127
466 115 r 127
466 116 r 127
466 117 r 127
466 118 r 127
466 119 r 127
466 120 r 127
466 123 r 127
466 124 r 127
466 125 r 127
466 126 r 127
466 131 r 127
466 132 r 127
466 133 r 127
466 134 r 127
466 135 r 127
466 136 r 127
466 137 r 127
466 144 r 127
466 145 r 127
466 146 r 127
466 147 r 127
466 148 r 127
466 149 r 127
466 150 r 127
466 151 r 127
466 152 r 127
466 153 r 127
466 154 r 127
466 155 r 127
466 156 r 127
466 157 r 127
466 158 r 127
466 159 r 127
466 160 r 127
466 161 r 127
466 162 r 127
466 163 r 127
466 164 r 127
466 165 r 127
466 166 r 127
466 167 r 127
466 168 r 127
466 169 r 127
467 75 r 141
467 76 r 141
467 77 r 141
467 90 r 141
467 92 r 141
467 93 r 141
467 96 r 141
467 97 r 141
467 98 r 141
467 99 r 141
467 100 r 141
467 102 r 141
467 105 r 141
467 109 r 141
467 110 r 141
467 111 r 141
467 113 r 141
467 114 r 141
467 115 r 141
467 116 r 141
467 117 r 141
467 118 r 141
467 119 r 141
467 120 r 141
467 123 r 141
467 125 r 141
467 126 r 141
467 131 r 141
467 132 r 141
467 133 r 141
467 134 r 141
467 135 r 141
467 136 r 141
467 137 r 141
467 144 r 141
467 145 r 141
467 146 r 141
467 147 r 141
467 148 r 141
467 149 r 141
467 150 r 141
467 151 r 141
467 152 r 141
467 153 r 141
467 154 r 141
467 155 r 141
467 156 r 141
467 157 r 141
467 158 r 141
467 159 r 141
467 160 r 141
467 161 r 141
467 162 r 141
467 163 r 141
467 164 r 141
467 165 r 141
467 166 r 141
467 167 r 141
467 168 r 141
467 169 r 141
468 75 r 129
468 76 r 129
468 77 r 129
468 90 r 129
468 92 r 129
468 93 r 129
468 96 r 129
468 97 r 129
468 98 r 129
468 99 r 129
468 100 r 129
468 102 r 129
468 105 r 129
468 109 r 129
468 110 r 129
468 111 r 129
468 113 r 129
468 114 r 129
468 115 r 129
468 116 r 129
468 117 r 129
468 118 r 129
468 119 r 129
468 120 r 129
468 123 r 129
468 124 r 129
468 125 r 129
468 126 r 129
468 131 r 129
468 132 r 129
468 133 r 129
468 134 r 129
468 135 r 129
468 136 r 129
468 137 r 129
468 144 r 129
468 145 r 129
468 146 r 129
468 147 r 129
468 148 r 129
468 149 r 129
468 150 r 129
468 151 r 129
468 152 r 129
468 153 r 129
468 154 r 129
468 155 r 129
468 156 r 129
468 157 r 129
468 158 r 129
468 159 r 129
468 160 r 129
468 161 r 129
468 162 r 129
468 163 r 129
468 164 r 129
468 165 r 129
468 166 r 129
468 167 r 129
468 168 r 129
468 169 r 129
469 75 r 143
469 76 r 143
469 77 r 143
469 90 r 143
469 92 r 143
469 93 r 143
469 96 r 143
469 97 r 143
469 98 r 143
469 99 r 143
469 100 r 143
469 102 r 143
469 105 r 143
469 109 r 143
469 110 r 143
469 111 r 143
469 113 r 143
469 114 r 143
469 115 r 143
469 116 r 143
469 117 r 143
469 118 r 143
469 119 r 143
469 120 r 143
469 123 r 143
469 125 r 143
469 126 r 143
469 131 r 143
469 132 r 143
469 133 r 143
469 134 r 143
469 135 r 143
469 136 r 143
469 137 r 143
469 144 r 143
469 145 r 143
469 146 r 143
469 147 r 143
469 148 r 143
469 149 r 143
469 150 r 143
469 151 r 143
469 152 r 143
469 153 r 143
469 154 r 143
469 155 r 143
469 156 r 143
469 157 r 143
469 158 r 143
469 159 r 143
469 160 r 143
469 161 r 143
469 162 r 143
469 163 r 143
469 164 r 143
469 165 r 143
469 166 r 143
469 167 r 143
469 168 r 143
469 169 r 143
470 75 r 125
470 76 r 125
470 77 r 125
470 90 r 125
470 92 r 125
470 93 r 125
470 96 r 125
470 97 r 125
470 98 r 125
470 99 r 125
470 100 r 125
470 102 r 125
470 105 r 125
470 109 r 125
470 110 r 125
470 111 r 125
470 113 r 125
470 114 r 125
470 115 r 125
470 116 r 125
470 117 r 125
470 118 r 125
470 119 r 125
470 120 r 125
470 123 r 125
470 124 r 125
470 125 r 125
470 126 r 125
470 131 r 125
470 132 r 125
470 133 r 125
470 134 r 125
470 135 r 125
470 136 r 125
470 137 r 125
470 144 r 125
470 145 r 125
470 146 r 125
470 147 r 125
470 148 r 125
470 149 r 125
470 150 r 125
470 151 r 125
470 152 r 125
470 153 r 125
470 154 r 125
470 155 r 125
470 156 r 125
470 157 r 125
470 158 r 125
470 159 r 125
470 160 r 125
470 161 r 125
470 162 r 125
470 163 r 125
470 164 r 125
470 165 r 125
470 166 r 125
470 167 r 125
470 168 r 125
470 169 r 125
471 75 r 139
471 76 r 139
471 77 r 139
471 90 r 139
471 92 r 139
471 93 r 139
471 96 r 139
471 97 r 139
471 98 r 139
471 99 r 139
471 100 r 139
471 102 r 139
471 105 r 139
471 109 r 139
471 110 r 139
471 111 r 139
471 113 r 139
471 114 r 139
471 115 r 139
471 116 r 139
471 117 r 139
471 118 r 139
471 119 r 139
471 120 r 139
471 123 r 139
471 125 r 139
471 126 r 139
471 131 r 139
471 132 r 139
471 133 r 139
471 134 r 139
471 135 r 139
471 136 r 139
471 137 r 139
471 144 r 139
471 145 r 139
471 146 r 139
471 147 r 139
471 148 r 139
471 149 r 139
471 150 r 139
471 151 r 139
471 152 r 139
471 153 r 139
471 154 r 139
471 155 r 139
471 156 r 139
471 157 r 139
471 158 r 139
471 159 r 139
471 160 r 139
471 161 r 139
471 162 r 139
471 163 r 139
471 164 r 139
471 165 r 139
471 166 r 139
471 167 r 139
471 168 r 139
471 169 r 139
%%
2 90 102 105 109 110 126 144 145 146 147 148 149 150 151 152 153 154 155 156 157 158 159 160 161 162 163 164 165 166 170
3 90 102 105 109 110 126 144 145 146 147 148 149 150 151 152 153 154 155 156 157 158 159 160 161 162 163 164 165 166 170
4 90 102 105 109 110 126 144 145 146 147 148 149 150 151 152 153 154 155 156 157 158 159 160 161 162 163 164 165 166 170
6 78 90 91 100 102 103 126
7 78 90 91 100 102 103 126
8 78 90 91 100 102 103 126
9 78 90 91 100 102 103 126
10 78 90 91 95 100 102 103 105 109 110 126 144 145 146 147 148 149 150 151 152 153 154 155 156 157 158 159 160 161 162 163 164 165 166
12 78 90 91 95 100 102 103 105 109 110 126 144 145 146 147 148 149 150 151 152 153 154 155 156 157 158 159 160 161 162 163 164 165 166
14 78 79 91 92 95 100 105 109 110 144 145 146 147 148 149 150 151 152 153 154 155 156 157 158 159 160 161 162 163 164 165 166
17 78 79 90 91 92 95 100 103 105 109 110 144 145 146 147 148 149 150 151 152 153 154 155 156 157 158 159 160 161 162 163 164 165 166
19 78 90 91 100 102 103 105 109 110 126 144 145 146 147 148 149 150 151 152 153 154 155 156 157 158 159 160 161 162 163 164 165 166
20 78 90 91 100 102 103 105 109 110 126 144 145 146 147 148 149 150 151 152 153 154 155 156 157 158 159 160 161 162 163 164 165 166
21 78 90 91 95 102 103
22 78 90 91 100 102 103 105 109 110 126 144 145 146 147 148 149 150 151 152 153 154 155 156 157 158 159 160 161 162 163 164 165 166
23 78 90 91 100 102 103 105 109 110 126 144 145 146 147 148 149 150 151 152 153 154 155 156 157 158 159 160 161 162 163 164 165 166
24 78 90 91 100 102 103 105 109 110 126 144 145 146 147 148 149 150 151 152 153 154 155 156 157 158 159 160 161 162 163 164 165 166
25 78 90 91 100 102 103 105 109 110 126 144 145 146 147 148 149 150 151 152 153 154 155 156 157 158 159 160 161 162 163 164 165 166
26 78 90 91 100 102 103 105 109 110 126 144 145 146 147 148 149 150 151 152 153 154 155 156 157 158 159 160 161 162 163 164 165 166
27 92 102
28 92 102
29 75 76 77 78 90 91 95 96 97 98 99 100 102 103 104 105 109 110 126 131 132 133 134 135 136 137 144 145 146 147 148 149 150 151 152 153 154 155 156 157 158 159 160 161 162 163 164 165 166 167 168 169
30 75 76 77 78 90 91 95 96 97 98 99 100 102 103 104 105 109 110 126 131 132 133 134 135 136 137 144 145 146 147 148 149 150 151 152 153 154 155 156 157 158 159 160 161 162 163 164 165 166 167 168 169
31 75 76 77 78 90 91 95 96 97 98 99 100 102 103 104 105 109 110 126 131 132 133 134 135 136 137 144 145 146 147 148 149 150 151 152 153 154 155 156 157 158 159 160 161 162 163 164 165 166 167 168 169
32 78 90 91 95 100 102 103 105 109 110 126 144 145 146 147 148 149 150 151 152 153 154 155 156 157 158 159 160 161 162 163 164 165 166
33 78 90 91 95 100 102 103 105 109 110 126 144 145 146 147 148 149 150 151 152 153 154 155 156 157 158 159 160 161 162 163 164 165 166
34 78 90 91 95 100 102 103 105 109 110 126 144 145 146 147 148 149 150 151 152 153 154 155 156 157 158 159 160 161 162 163 164 165 166
35 78 90 91 95 100 102 103 105 109 110 126 144 145 146 147 148 149 150 151 152 153 154 155 156 157 158 159 160 161 162 163 164 165 166
36 78 90 91 95 100 102 103 105 109 110 126 144 145 146 147 148 149 150 151 152 153 154 155 156 157 158 159 160 161 162 163 164 165 166
37 78 90 91 95 100 102 103 105 109 110 126 144 145 146 147 148 149 150 151 152 153 154 155 156 157 158 159 160 161 162 163 164 165 166
38 78 90 91 95 100 102 103 105 109 110 126 144 145 146 147 148 149 150 151 152 153 154 155 156 157 158 159 160 161 162 163 164 165 166
39 78 90 91 95 100 102 103 105 109 110 126 144 145 146 147 148 149 150 151 152 153 154 155 156 157 158 159 160 161 162 163 164 165 166
40 78 90 91 95 100 102 103 105 109 110 126 144 145 146 147 148 149 150 151 152 153 154 155 156 157 158 159 160 161 162 163 164 165 166
41 78 90 91 95 100 102 103 105 109 110 126 144 145 146 147 148 149 150 151 152 153 154 155 156 157 158 159 160 161 162 163 164 165 166
43 78 90 91 95 100 102 103 105 109 110 126 144 145 146 147 148 149 150 151 152 153 154 155 156 157 158 159 160 161 162 163 164 165 166
44 78 90 91 95 100 102 103 105 109 110 126 144 145 146 147 148 149 150 151 152 153 154 155 156 157 158 159 160 161 162 163 164 165 166
45 90 102 105 109 110 126 144 145 146 147 148 149 150 151 152 153 154 155 156 157 158 159 160 161 162 163 164 165 166 170
47 78 100
48 78 100
49 75 76 77 90 92 93 96 97 98 99 100 102 105 109 110 111 113 114 115 116 117 118 119 120 123 125 126 131 132 133 134 135 136 137 144 145 146 147 148 149 150 151 152 153 154 155 156 157 158 159 160 161 162 163 164 165 166 167 168 169 170
50 78 90 91 100 102 103 126
51 78 90 91 100 102 103 126
52 78 90 91 100 102 103 126
53 78 90 91 100 102 103 126
55 78 90 91 95 100 102 103 105 109 110 126 144 145 146 147 148 149 150 151 152 153 154 155 156 157 158 159 160 161 162 163 164 165 166
56 92 105 109 110 144 145 146 147 148 149 150 151 152 153 154 155 156 157 158 159 160 161 162 163 164 165 166
59 90 102 105 109 110 126 144 145 146 147 148 149 150 151 152 153 154 155 156 157 158 159 160 161 162 163 164 165 166 170
63 78 79 91 92 95 100 105 109 110 144 145 146 147 148 149 150 151 152 153 154 155 156 157 158 159 160 161 162 163 164 165 166
66 78 90 91 95 100 102 103 105 109 110 126 144 145 146 147 148 149 150 151 152 153 154 155 156 157 158 159 160 161 162 163 164 165 166
67 75 76 77 78 90 91 95 96 97 98 99 102 103 104 126 131 132 133 134 135 136 137 151 152 153 167 168 169
68 78 90 91 95 102 103
69 78 90 91 95 102 103
72 75 76 77 90 92 93 96 97 98 99 100 102 105 109 110 111 113 114 115 116 117 118 119 120 123 125 126 131 132 133 134 135 136 137 144 145 146 147 148 149 150 151 152 153 154 155 156 157 158 159 160 161 162 163 164 165 166 167 168 169 170
74 90 102 105 109 110 126 144 145 146 147 148 149 150 151 152 153 154 155 156 157 158 159 160 161 162 163 164 165 166 170
76 90 91 95 100 102 103 126
77 90 91 95 100 102 103 126
79 93 105 149 150 151 152 153 154 155 156 157 158 159 160 161 162 163 164 165 166
82 92 105 109 110 144 145 146 147 148 149 150 151 152 153 154 155 156 157 158 159 160 161 162 163 164 165 166
83 90 102 105 109 110 126 144 145 146 147 148 149 150 151 152 153 154 155 156 157 158 159 160 161 162 163 164 165 166 170
84 78 100
85 75 76 77 90 92 93 96 97 98 99 100 102 105 109 110 111 113 114 115 116 117 118 119 120 123 125 126 131 132 133 134 135 136 137 144 145 146 147 148 149 150 151 152 153 154 155 156 157 158 159 160 161 162 163 164 165 166 167 168 169
86 75 76 77 90 92 93 96 97 98 99 100 102 105 109 110 111 113 114 115 116 117 118 119 120 123 125 126 131 132 133 134 135 136 137 144 145 146 147 148 149 150 151 152 153 154 155 156 157 158 159 160 161 162 163 164 165 166 167 168 169
87 75 76 77 90 92 93 96 97 98 99 100 102 105 109 110 111 113 114 115 116 117 118 119 120 123 125 126 131 132 133 134 135 136 137 144 145 146 147 148 149 150 151 152 153 154 155 156 157 158 159 160 161 162 163 164 165 166 167 168 169
88 75 76 77 90 92 93 96 97 98 99 100 102 105 109 110 111 113 114 115 116 117 118 119 120 123 125 126 131 132 133 134 135 136 137 144 145 146 147 148 149 150 151 152 153 154 155 156 157 158 159 160 161 162 163 164 165 166 167 168 169
89 75 76 77 90 92 93 96 97 98 99 100 102 105 109 110 111 113 114 115 116 117 118 119 120 123 124 125 126 131 132 133 134 135 136 137 144 145 146 147 148 149 150 151 152 153 154 155 156 157 158 159 160 161 162 163 164 165 166 167 168 169
90 75 76 77 90 92 93 96 97 98 99 100 102 105 109 110 111 113 114 115 116 117 118 119 120 123 125 126 131 132 133 134 135 136 137 144 145 146 147 148 149 150 151 152 153 154 155 156 157 158 159 160 161 162 163 164 165 166 167 168 169
91 75 76 77 90 92 93 96 97 98 99 100 102 105 109 110 111 113 114 115 116 117 118 119 120 123 124 125 126 131 132 133 134 135 136 137 144 145 146 147 148 149 150 151 152 153 154 155 156 157 158 159 160 161 162 163 164 165 166 167 168 169
92 75 76 77 90 92 93 96 97 98 99 100 102 105 109 110 111 113 114 115 116 117 118 119 120 123 124 125 126 131 132 133 134 135 136 137 144 145 146 147 148 149 150 151 152 153 154 155 156 157 158 159 160 161 162 163 164 165 166 167 168 169
94 75 76 77 90 92 93 96 97 98 99 100 102 105 109 110 111 113 114 115 116 117 118 119 120 123 125 126 131 132 133 134 135 136 137 144 145 146 147 148 149 150 151 152 153 154 155 156 157 158 159 160 161 162 163 164 165 166 167 168 169
95 75 76 77 90 92 93 96 97 98 99 100 102 105 109 110 111 113 114 115 116 117 118 119 120 123 124 125 126 131 132 133 134 135 136 137 144 145 146 147 148 149 150 151 152 153 154 155 156 157 158 159 160 161 162 163 164 165 166 167 168 169
96 75 76 77 90 92 93 96 97 98 99 100 102 105 109 110 111 113 114 115 116 117 118 119 120 123 125 126 131 132 133 134 135 136 137 144 145 146 147 148 149 150 151 152 153 154 155 156 157 158 159 160 161 162 163 164 165 166 167 168 169
97 75 76 77 90 92 93 96 97 98 99 100 102 105 109 110 111 113 114 115 116 117 118 119 120 123 124 125 126 131 132 133 134 135 136 137 144 145 146 147 148 149 150 151 152 153 154 155 156 157 158 159 160 161 162 163 164 165 166 167 168 169
99 78 91 95 100 104
100 78 91 93 95 100 104
101 78 91 93 95 100 104
102 78 91 93 94 95 100 104 122
103 78 91 93 94 95 100 104 121 122
104 78 91 93 94 95 100 104 112 121 122
105 78 91 93 94 95 100 104 108 112 121 122
106 77 78 91 93 94 95 100 104 108 112 121 122
107 77 78 91 93 94 95 100 104 106 107 108 112 121 122
108 77 78 91 93 94 95 100 104 106 107 108 112 121 122 138 139 140 141
109 77 78 91 93 94 95 100 104 106 107 108 112 121 122 138 139 140 141 142 143
110 75 76 77 78 91 93 94 95 100 104 106 107 108 112 121 122 138 139 140 141 142 143
111 75 76 77 78 91 93 94 95 100 104 106 107 108 112 121 122 126 127 128 138 139 140 141 142 143
112 75 76 77 78 91 93 94 95 100 104 106 107 108 112 121 122 126 127 128 138 139 140 141 142 143
114 75 76 77 78 79 80 81 82 83 84 85 86 87 88 89 91 93 94 95 100 104 106 107 108 112 121 122 126 127 128 138 139 140 141 142 143
115 75 76 77 78 79 80 81 82 83 84 85 86 87 88 89 90 91 93 94 95 100 101 103 104 106 107 108 112 121 122 126 127 128 130 131 132 138 139 140 141 142 143
116 75 76 77 78 79 80 81 82 83 84 85 86 87 88 89 90 91 93 94 95 100 101 103 104 106 107 108 112 121 122 126 127 128 130 131 132 138 139 140 141 142 143
117 75 76 77 90 96 97 98 99 102 126 131 132 133 134 135 136 137 167 168 169
118 75 76 77 90 96 97 98 99 102 126 131 132 133 134 135 136 137 167 168 169
119 75 76 77 90 96 97 98 99 102 126 131 132 133 134 135 136 137 167 168 169
121 75 76 77 90 92 93 96 97 98 99 100 102 105 109 110 111 113 114 115 116 117 118 119 120 123 124 125 126 131 132 133 134 135 136 137 144 145 146 147 148 149 150 151 152 153 154 155 156 157 158 159 160 161 162 163 164 165 166 167 168 169 170
122 75 76 77 78 79 80 81 82 83 84 85 86 87 88 89 90 91 93 94 95 100 101 103 104 106 107 108 112 121 122 126 127 128 130 131 132 138 139 140 141 142 143
123 75 76 77 78 79 80 81 82 83 84 85 86 87 88 89 90 91 93 94 95 100 101 103 104 106 107 108 112 121 122 126 127 128 130 131 132 138 139 140 141 142 143
124 75 76 77 78 79 80 81 82 83 84 85 86 87 88 89 90 91 93 94 95 100 101 103 104 106 107 108 112 121 122 126 127 128 130 131 132 138 139 140 141 142 143
125 75 76 77 78 79 80 81 82 83 84 85 86 87 88 89 90 91 93 94 95 100 101 103 104 106 107 108 112 121 122 126 127 128 130 131 132 138 139 140 141 142 143
126 75 76 77 90 92 93 96 97 98 99 100 102 105 109 110 111 113 114 115 116 117 118 119 120 123 124 125 126 131 132 133 134 135 136 137 144 145 146 147 148 149 150 151 152 153 154 155 156 157 158 159 160 161 162 163 164 165 166 167 168 169
127 75 76 77 78 79 80 81 82 83 84 85 86 87 88 89 90 94 100 101 103 106 107 108 112 121 122 126 127 128 130 131 132 138 139 140 141 142 143
139 75 76 77 90 96 97 98 99 102 126 131 132 133 134 135 136 137 167 168 169
142 75 76 77 78 79 80 81 82 83 84 85 86 87 88 89 90 91 93 94 95 100 101 103 104 106 107 108 112 121 122 126 127 128 130 131 132 138 139 140 141 142 143
143 75 76 77 78 79 80 81 82 83 84 85 86 87 88 89 90 91 93 94 95 100 101 103 104 106 107 108 112 121 122 126 127 128 130 131 132 138 139 140 141 142 143
144 75 76 77 78 79 80 81 82 83 84 85 86 87 88 89 90 91 93 94 95 100 101 103 104 106 107 108 112 121 122 126 127 128 130 131 132 138 139 140 141 142 143
145 75 76 77 78 79 80 81 82 83 84 85 86 87 88 89 90 91 93 94 95 100 101 103 104 106 107 108 112 121 122 126 127 128 130 131 132 138 139 140 141 142 143
148 75 76 77 90 96 97 98 99 102 126 131 132 133 134 135 136 137 167 168 169
149 75 76 77 90 96 97 98 99 102 126 131 132 133 134 135 136 137 167 168 169
150 78 91
152 91
153 78 91
155 78 79 90 91 92 95 100 103 105 109 110 144 145 146 147 148 149 150 151 152 153 154 155 156 157 158 159 160 161 162 163 164 165 166
156 78 91
158 78 93 95 100 104
160 75 76 77 78 79 80 81 82 83 84 85 86 87 88 89 91 93 94 95 100 104 106 107 108 112 121 122 126 127 128 138 139 140 141 142 143
161 75 76 77 78 79 80 81 82 83 84 85 86 87 88 89 90 91 93 94 95 100 101 103 104 106 107 108 112 121 122 126 127 128 130 131 132 138 139 140 141 142 143
162 78 79 90 91 92 95 100 103 105 109 110 144 145 146 147 148 149 150 151 152 153 154 155 156 157 158 159 160 161 162 163 164 165 166
163 78 79 90 91 92 95 100 103 105 109 110 144 145 146 147 148 149 150 151 152 153 154 155 156 157 158 159 160 161 162 163 164 165 166
165 78 93
166 78 93
168 75 76 77 78 90 91 95 96 97 98 99 102 103 104 126 131 132 133 134 135 136 137 151 152 153 167 168 169
169 78 90 91 95 102 103
170 91 95
173 78 100
174 90 102 105 109 110 126 144 145 146 147 148 149 150 151 152 153 154 155 156 157 158 159 160 161 162 163 164 165 166 170
175 78 100
176 78 93 100
178 90 91 95 100 102 103 126
179 90 91 95 100 102 103 126
180 93 105 149 150 151 152 153 154 155 156 157 158 159 160 161 162 163 164 165 166
181 78 90 91 95 100 102 103 105 109 110 126 144 145 146 147 148 149 150 151 152 153 154 155 156 157 158 159 160 161 162 163 164 165 166
183 78 100
184 78 100
186 93 105 149 150 151 152 153 154 155 156 157 158 159 160 161 162 163 164 165 166
188 75 76 77 90 92 93 96 97 98 99 100 102 105 109 110 111 113 114 115 116 117 118 119 120 123 125 126 131 132 133 134 135 136 137 144 145 146 147 148 149 150 151 152 153 154 155 156 157 158 159 160 161 162 163 164 165 166 167 168 169
189 75 76 77 90 92 93 96 97 98 99 100 102 105 109 110 111 113 114 115 116 117 118 119 120 123 124 125 126 131 132 133 134 135 136 137 144 145 146 147 148 149 150 151 152 153 154 155 156 157 158 159 160 161 162 163 164 165 166 167 168 169 170
191 75 76 77 90 92 93 96 97 98 99 100 102 105 109 110 111 113 114 115 116 117 118 119 120 123 124 125 126 131 132 133 134 135 136 137 144 145 146 147 148 149 150 151 152 153 154 155 156 157 158 159 160 161 162 163 164 165 166 167 168 169
212 75 76 77 90 96 97 98 99 102 126 131 132 133 134 135 136 137 167 168 169
213 75 76 77 90 96 97 98 99 102 126 131 132 133 134 135 136 137 167 168 169
214 75 76 77 90 96 97 98 99 102 126 131 132 133 134 135 136 137 167 168 169
215 75 76 77 90 96 97 98 99 102 126 131 132 133 134 135 136 137 167 168 169
216 75 76 77 90 96 97 98 99 102 126 131 132 133 134 135 136 137 167 168 169
217 75 76 77 90 96 97 98 99 102 126 131 132 133 134 135 136 137 167 168 169
218 75 76 77 90 96 97 98 99 102 126 131 132 133 134 135 136 137 167 168 169
219 75 76 77 90 96 97 98 99 102 126 131 132 133 134 135 136 137 167 168 169
220 75 76 77 90 96 97 98 99 102 126 131 132 133 134 135 136 137 167 168 169
221 75 76 77 90 96 97 98 99 102 126 131 132 133 134 135 136 137 167 168 169
222 75 76 77 90 96 97 98 99 102 126 131 132 133 134 135 136 137 167 168 169
223 75 76 77 78 79 80 81 82 83 84 85 86 87 88 89 91 93 94 95 100 104 106 107 108 112 121 122 126 127 128 138 139 140 141 142 143
228 75 76 77 78 79 80 81 82 83 84 85 86 87 88 89 90 91 93 94 95 100 101 103 104 106 107 108 112 121 122 126 127 128 130 131 132 138 139 140 141 142 143
229 75 76 77 78 79 80 81 82 83 84 85 86 87 88 89 90 91 93 94 95 100 101 103 104 106 107 108 112 121 122 126 127 128 130 131 132 138 139 140 141 142 143
239 75 76 77 90 92 93 96 97 98 99 100 102 105 109 110 111 113 114 115 116 117 118 119 120 123 124 125 126 131 132 133 134 135 136 137 144 145 146 147 148 149 150 151 152 153 154 155 156 157 158 159 160 161 162 163 164 165 166 167 168 169
240 75 76 77 90 92 93 96 97 98 99 100 102 105 109 110 111 113 114 115 116 117 118 119 120 123 124 125 126 131 132 133 134 135 136 137 144 145 146 147 148 149 150 151 152 153 154 155 156 157 158 159 160 161 162 163 164 165 166 167 168 169
242 75 76 77 90 92 93 96 97 98 99 100 102 105 109 110 111 113 114 115 116 117 118 119 120 123 124 125 126 131 132 133 134 135 136 137 144 145 146 147 148 149 150 151 152 153 154 155 156 157 158 159 160 161 162 163 164 165 166 167 168 169
246 75 76 77 78 79 80 81 82 83 84 85 86 87 88 89 91 93 94 95 100 104 106 107 108 112 121 122 126 127 128 138 139 140 141 142 143
248 75 76 77 78 79 80 81 82 83 84 85 86 87 88 89 91 93 94 95 100 104 106 107 108 112 121 122 126 127 128 138 139 140 141 142 143
250 75 76 77 78 79 80 81 82 83 84 85 86 87 88 89 91 93 94 95 100 104 106 107 108 112 121 122 126 127 128 138 139 140 141 142 143
252 78 91
253 78 91
254 78 91
255 78 91 95
258 78 79 90 91 92 95 100 103 105 109 110 144 145 146 147 148 149 150 151 152 153 154 155 156 157 158 159 160 161 162 163 164 165 166
261 78 79 90 91 92 95 100 103 105 109 110 144 145 146 147 148 149 150 151 152 153 154 155 156 157 158 159 160 161 162 163 164 165 166
263 78 79 90 91 92 95 100 103 105 109 110 144 145 146 147 148 149 150 151 152 153 154 155 156 157 158 159 160 161 162 163 164 165 166
264 78 79 90 91 92 95 100 103 105 109 110 144 145 146 147 148 149 150 151 152 153 154 155 156 157 158 159 160 161 162 163 164 165 166
265 78 93
266 78 90 91 95 100 102 103 105 109 110 126 144 145 146 147 148 149 150 151 152 153 154 155 156 157 158 159 160 161 162 163 164 165 166
269 91 95
270 91 95
272 78 90 91 95 100 102 103 105 109 110 126 144 145 146 147 148 149 150 151 152 153 154 155 156 157 158 159 160 161 162 163 164 165 166
273 78 90 91 95 100 102 103 105 109 110 126 144 145 146 147 148 149 150 151 152 153 154 155 156 157 158 159 160 161 162 163 164 165 166
274 78 93
275 79 101 103
282 93 105 149 150 151 152 153 154 155 156 157 158 159 160 161 162 163 164 165 166
284 78 100
285 78 90 91 95 100 102 103 105 109 110 126 144 145 146 147 148 149 150 151 152 153 154 155 156 157 158 159 160 161 162 163 164 165 166
286 78 91 95 100 104
288 78 91 93 94 95 100 104 122
289 78 91 93 94 95 100 104 121 122
290 78 91 93 94 95 100 104 112 121 122
291 78 91 93 94 95 100 104 108 112 121 122
292 77 78 91 93 94 95 100 104 108 112 121 122
293 77 78 91 93 94 95 100 104 106 107 108 112 121 122
294 77 78 91 93 94 95 100 104 106 107 108 112 121 122
295 77 78 91 93 94 95 100 104 106 107 108 112 121 122 138 139 140 141
296 77 78 91 93 94 95 100 104 106 107 108 112 121 122 138 139 140 141
297 77 78 91 93 94 95 100 104 106 107 108 112 121 122 138 139 140 141
298 77 78 91 93 94 95 100 104 106 107 108 112 121 122 138 139 140 141
299 77 78 91 93 94 95 100 104 106 107 108 112 121 122 138 139 140 141 142 143
300 77 78 91 93 94 95 100 104 106 107 108 112 121 122 138 139 140 141 142 143
301 75 76 77 78 91 93 94 95 100 104 106 107 108 112 121 122 138 139 140 141 142 143
302 75 76 77 78 91 93 94 95 100 104 106 107 108 112 121 122 138 139 140 141 142 143
303 75 76 77 78 91 93 94 95 100 104 106 107 108 112 121 122 126 127 128 138 139 140 141 142 143
304 75 76 77 78 91 93 94 95 100 104 106 107 108 112 121 122 126 127 128 138 139 140 141 142 143
305 75 76 77 78 91 93 94 95 100 104 106 107 108 112 121 122 126 127 128 138 139 140 141 142 143
306 78 91 93 95 100 104
307 78 91
309 75 76 77 78 79 80 81 82 83 84 85 86 87 88 89 90 91 93 94 95 100 101 103 104 106 107 108 112 121 122 126 127 128 130 131 132 138 139 140 141 142 143
310 75 76 77 78 79 80 81 82 83 84 85 86 87 88 89 90 91 93 94 95 100 101 103 104 106 107 108 112 121 122 126 127 128 130 131 132 138 139 140 141 142 143
312 75 76 77 78 79 80 81 82 83 84 85 86 87 88 89 90 91 93 94 95 100 101 103 104 106 107 108 112 121 122 126 127 128 130 131 132 138 139 140 141 142 143
314 75 76 77 78 79 80 81 82 83 84 85 86 87 88 89 90 91 93 94 95 100 101 103 104 106 107 108 112 121 122 126 127 128 130 131 132 138 139 140 141 142 143
315 75 76 77 90 92 93 96 97 98 99 100 102 105 109 110 111 113 114 115 116 117 118 119 120 123 124 125 126 131 132 133 134 135 136 137 144 145 146 147 148 149 150 151 152 153 154 155 156 157 158 159 160 161 162 163 164 165 166 167 168 169
316 75 76 77 90 92 93 96 97 98 99 100 102 105 109 110 111 113 114 115 116 117 118 119 120 123 125 126 131 132 133 134 135 136 137 144 145 146 147 148 149 150 151 152 153 154 155 156 157 158 159 160 161 162 163 164 165 166 167 168 169
317 75 76 77 90 92 93 96 97 98 99 100 102 105 109 110 111 113 114 115 116 117 118 119 120 123 124 125 126 131 132 133 134 135 136 137 144 145 146 147 148 149 150 151 152 153 154 155 156 157 158 159 160 161 162 163 164 165 166 167 168 169
318 75 76 77 90 92 93 96 97 98 99 100 102 105 109 110 111 113 114 115 116 117 118 119 120 123 125 126 131 132 133 134 135 136 137 144 145 146 147 148 149 150 151 152 153 154 155 156 157 158 159 160 161 162 163 164 165 166 167 168 169
325 75 76 77 90 92 93 96 97 98 99 100 102 105 109 110 111 113 114 115 116 117 118 119 120 123 124 125 126 131 132 133 134 135 136 137 144 145 146 147 148 149 150 151 152 153 154 155 156 157 158 159 160 161 162 163 164 165 166 167 168 169
326 75 76 77 90 92 93 96 97 98 99 100 102 105 109 110 111 113 114 115 116 117 118 119 120 123 124 125 126 131 132 133 134 135 136 137 144 145 146 147 148 149 150 151 152 153 154 155 156 157 158 159 160 161 162 163 164 165 166 167 168 169
332 78 91 95
337 78 90 91 95 103
340 78 90 91 95 103
341 78 91
342 91
343 78 91
344 78 79 90 91 92 95 100 103 105 109 110 144 145 146 147 148 149 150 151 152 153 154 155 156 157 158 159 160 161 162 163 164 165 166
345 78 93
346 78 93
347 78 90 91 95 100 102 103 105 109 110 126 144 145 146 147 148 149 150 151 152 153 154 155 156 157 158 159 160 161 162 163 164 165 166
348 79 101 103
349 75 76 77 90 92 96 97 98 99 102 126 131 132 133 134 135 136 137 167 168 169
350 78 93
352 78 93 100
353 79 101 103
355 78 100
356 78 100
359 75 76 77 78 79 80 81 82 83 84 85 86 87 88 89 90 91 93 94 95 100 101 103 104 106 107 108 112 121 122 126 127 128 130 131 132 138 139 140 141 142 143
360 75 76 77 78 79 80 81 82 83 84 85 86 87 88 89 90 91 93 94 95 100 101 103 104 106 107 108 112 121 122 126 127 128 130 131 132 138 139 140 141 142 143
361 75 76 77 78 79 80 81 82 83 84 85 86 87 88 89 91 93 94 95 100 104 106 107 108 112 121 122 126 127 128 138 139 140 141 142 143
370 75 76 77 90 92 93 96 97 98 99 100 102 105 109 110 111 113 114 115 116 117 118 119 120 123 124 125 126 131 132 133 134 135 136 137 144 145 146 147 148 149 150 151 152 153 154 155 156 157 158 159 160 161 162 163 164 165 166 167 168 169
371 75 76 77 90 92 93 96 97 98 99 100 102 105 109 110 111 113 114 115 116 117 118 119 120 123 125 126 131 132 133 134 135 136 137 144 145 146 147 148 149 150 151 152 153 154 155 156 157 158 159 160 161 162 163 164 165 166 167 168 169
375 75 76 77 78 79 80 81 82 83 84 85 86 87 88 89 91 93 94 95 100 104 106 107 108 112 121 122 126 127 128 138 139 140 141 142 143
377 78 90 91 95 103
380 78 90 91 95 103
381 78 90 91 95 103
382 78 90 91 95 103
384 78 90 91 95 103
385 78 90 91 95 103
386 78 93
388 78 93 100
389 79 101 103
390 78 91 93 95 100 104
391 78 91
392 75 76 77 90 92 93 96 97 98 99 100 102 105 109 110 111 113 114 115 116 117 118 119 120 123 124 125 126 131 132 133 134 135 136 137 144 145 146 147 148 149 150 151 152 153 154 155 156 157 158 159 160 161 162 163 164 165 166 167 168 169
393 75 76 77 90 92 93 96 97 98 99 100 102 105 109 110 111 113 114 115 116 117 118 119 120 123 125 126 131 132 133 134 135 136 137 144 145 146 147 148 149 150 151 152 153 154 155 156 157 158 159 160 161 162 163 164 165 166 167 168 169
404 75 76 77 90 92 93 96 97 98 99 100 102 105 109 110 111 113 114 115 116 117 118 119 120 123 125 126 131 132 133 134 135 136 137 144 145 146 147 148 149 150 151 152 153 154 155 156 157 158 159 160 161 162 163 164 165 166 167 168 169
405 75 76 77 90 92 93 96 97 98 99 100 102 105 109 110 111 113 114 115 116 117 118 119 120 123 125 126 131 132 133 134 135 136 137 144 145 146 147 148 149 150 151 152 153 154 155 156 157 158 159 160 161 162 163 164 165 166 167 168 169
406 75 76 77 90 92 93 96 97 98 99 100 102 105 109 110 111 113 114 115 116 117 118 119 120 123 124 125 126 131 132 133 134 135 136 137 144 145 146 147 148 149 150 151 152 153 154 155 156 157 158 159 160 161 162 163 164 165 166 167 168 169
407 75 76 77 90 92 93 96 97 98 99 100 102 105 109 110 111 113 114 115 116 117 118 119 120 123 125 126 131 132 133 134 135 136 137 144 145 146 147 148 149 150 151 152 153 154 155 156 157 158 159 160 161 162 163 164 165 166 167 168 169
410 78 91
412 78 90 91 95 103
414 78 90 91 95 103
415 78 90 91 95 103
416 78 90 91 95 103
417 78 93
423 75 76 77 90 92 93 96 97 98 99 100 102 105 109 110 111 113 114 115 116 117 118 119 120 123 124 125 126 131 132 133 134 135 136 137 144 145 146 147 148 149 150 151 152 153 154 155 156 157 158 159 160 161 162 163 164 165 166 167 168 169
424 75 76 77 90 92 93 96 97 98 99 100 102 105 109 110 111 113 114 115 116 117 118 119 120 123 125 126 131 132 133 134 135 136 137 144 145 146 147 148 149 150 151 152 153 154 155 156 157 158 159 160 161 162 163 164 165 166 167 168 169
431 75 76 77 90 92 93 96 97 98 99 100 102 105 109 110 111 113 114 115 116 117 118 119 120 123 124 125 126 131 132 133 134 135 136 137 144 145 146 147 148 149 150 151 152 153 154 155 156 157 158 159 160 161 162 163 164 165 166 167 168 169
432 75 76 77 90 92 93 96 97 98 99 100 102 105 109 110 111 113 114 115 116 117 118 119 120 123 125 126 131 132 133 134 135 136 137 144 145 146 147 148 149 150 151 152 153 154 155 156 157 158 159 160 161 162 163 164 165 166 167 168 169
436 75 76 77 78 79 80 81 82 83 84 85 86 87 88 89 90 91 93 94 95 100 101 103 104 106 107 108 112 121 122 126 127 128 130 131 132 138 139 140 141 142 143
438 78 90 91 95 103
439 75 76 77 90 92 93 96 97 98 99 100 102 105 109 110 111 113 114 115 116 117 118 119 120 123 124 125 126 131 132 133 134 135 136 137 144 145 146 147 148 149 150 151 152 153 154 155 156 157 158 159 160 161 162 163 164 165 166 167 168 169
440 75 76 77 90 92 93 96 97 98 99 100 102 105 109 110 111 113 114 115 116 117 118 119 120 123 125 126 131 132 133 134 135 136 137 144 145 146 147 148 149 150 151 152 153 154 155 156 157 158 159 160 161 162 163 164 165 166 167 168 169
442 75 76 77 90 92 93 96 97 98 99 100 102 105 109 110 111 113 114 115 116 117 118 119 120 123 124 125 126 131 132 133 134 135 136 137 144 145 146 147 148 149 150 151 152 153 154 155 156 157 158 159 160 161 162 163 164 165 166 167 168 169
443 75 76 77 90 92 93 96 97 98 99 100 102 105 109 110 111 113 114 115 116 117 118 119 120 123 125 126 131 132 133 134 135 136 137 144 145 146 147 148 149 150 151 152 153 154 155 156 157 158 159 160 161 162 163 164 165 166 167 168 169
444 75 76 77 90 92 93 96 97 98 99 100 102 105 109 110 111 113 114 115 116 117 118 119 120 123 124 125 126 131 132 133 134 135 136 137 144 145 146 147 148 149 150 151 152 153 154 155 156 157 158 159 160 161 162 163 164 165 166 167 168 169
445 75 76 77 90 92 93 96 97 98 99 100 102 105 109 110 111 113 114 115 116 117 118 119 120 123 125 126 131 132 133 134 135 136 137 144 145 146 147 148 149 150 151 152 153 154 155 156 157 158 159 160 161 162 163 164 165 166 167 168 169
449 75 76 77 90 92 93 96 97 98 99 100 102 105 109 110 111 113 114 115 116 117 118 119 120 123 124 125 126 131 132 133 134 135 136 137 144 145 146 147 148 149 150 151 152 153 154 155 156 157 158 159 160 161 162 163 164 165 166 167 168 169
450 75 76 77 90 92 93 96 97 98 99 100 102 105 109 110 111 113 114 115 116 117 118 119 120 123 125 126 131 132 133 134 135 136 137 144 145 146 147 148 149 150 151 152 153 154 155 156 157 158 159 160 161 162 163 164 165 166 167 168 169
452 75 76 77 90 92 93 96 97 98 99 100 102 105 109 110 111 113 114 115 116 117 118 119 120 123 124 125 126 131 132 133 134 135 136 137 144 145 146 147 148 149 150 151 152 153 154 155 156 157 158 159 160 161 162 163 164 165 166 167 168 169
453 75 76 77 90 92 93 96 97 98 99 100 102 105 109 110 111 113 114 115 116 117 118 119 120 123 125 126 131 132 133 134 135 136 137 144 145 146 147 148 149 150 151 152 153 154 155 156 157 158 159 160 161 162 163 164 165 166 167 168 169
454 75 76 77 90 92 93 96 97 98 99 100 102 105 109 110 111 113 114 115 116 117 118 119 120 123 124 125 126 131 132 133 134 135 136 137 144 145 146 147 148 149 150 151 152 153 154 155 156 157 158 159 160 161 162 163 164 165 166 167 168 169
455 75 76 77 90 92 93 96 97 98 99 100 102 105 109 110 111 113 114 115 116 117 118 119 120 123 125 126 131 132 133 134 135 136 137 144 145 146 147 148 149 150 151 152 153 154 155 156 157 158 159 160 161 162 163 164 165 166 167 168 169
456 75 76 77 90 92 93 96 97 98 99 100 102 105 109 110 111 113 114 115 116 117 118 119 120 123 124 125 126 131 132 133 134 135 136 137 144 145 146 147 148 149 150 151 152 153 154 155 156 157 158 159 160 161 162 163 164 165 166 167 168 169
457 75 76 77 90 92 93 96 97 98 99 100 102 105 109 110 111 113 114 115 116 117 118 119 120 123 125 126 131 132 133 134 135 136 137 144 145 146 147 148 149 150 151 152 153 154 155 156 157 158 159 160 161 162 163 164 165 166 167 168 169
458 78 91
459 78 91
460 78 91
461 75 76 77 90 92 93 96 97 98 99 100 102 105 109 110 111 113 114 115 116 117 118 119 120 123 124 125 126 131 132 133 134 135 136 137 144 145 146 147 148 149 150 151 152 153 154 155 156 157 158 159 160 161 162 163 164 165 166 167 168 169
462 75 76 77 90 92 93 96 97 98 99 100 102 105 109 110 111 113 114 115 116 117 118 119 120 123 125 126 131 132 133 134 135 136 137 144 145 146 147 148 149 150 151 152 153 154 155 156 157 158 159 160 161 162 163 164 165 166 167 168 169
464 75 76 77 90 92 93 96 97 98 99 100 102 105 109 110 111 113 114 115 116 117 118 119 120 123 124 125 126 131 132 133 134 135 136 137 144 145 146 147 148 149 150 151 152 153 154 155 156 157 158 159 160 161 162 163 164 165 166 167 168 169
465 75 76 77 90 92 93 96 97 98 99 100 102 105 109 110 111 113 114 115 116 117 118 119 120 123 125 126 131 132 133 134 135 136 137 144 145 146 147 148 149 150 151 152 153 154 155 156 157 158 159 160 161 162 163 164 165 166 167 168 169
466 75 76 77 90 92 93 96 97 98 99 100 102 105 109 110 111 113 114 115 116 117 118 119 120 123 124 125 126 131 132 133 134 135 136 137 144 145 146 147 148 149 150 151 152 153 154 155 156 157 158 159 160 161 162 163 164 165 166 167 168 169
467 75 76 77 90 92 93 96 97 98 99 100 102 105 109 110 111 113 114 115 116 117 118 119 120 123 125 126 131 132 133 134 135 136 137 144 145 146 147 148 149 150 151 152 153 154 155 156 157 158 159 160 161 162 163 164 165 166 167 168 169
468 75 76 77 90 92 93 96 97 98 99 100 102 105 109 110 111 113 114 115 116 117 118 119 120 123 124 125 126 131 132 133 134 135 136 137 144 145 146 147 148 149 150 151 152 153 154 155 156 157 158 159 160 161 162 163 164 165 166 167 168 169
469 75 76 77 90 92 93 96 97 98 99 100 102 105 109 110 111 113 114 115 116 117 118 119 120 123 125 126 131 132 133 134 135 136 137 144 145 146 147 148 149 150 151 152 153 154 155 156 157 158 159 160 161 162 163 164 165 166 167 168 169
470 75 76 77 90 92 93 96 97 98 99 100 102 105 109 110 111 113 114 115 116 117 118 119 120 123 124 125 126 131 132 133 134 135 136 137 144 145 146 147 148 149 150 151 152 153 154 155 156 157 158 159 160 161 162 163 164 165 166 167 168 169
471 75 76 77 90 92 93 96 97 98 99 100 102 105 109 110 111 113 114 115 116 117 118 119 120 123 125 126 131 132 133 134 135 136 137 144 145 146 147 148 149 150 151 152 153 154 155 156 157 158 159 160 161 162 163 164 165 166 167 168 169
%%
0 0 1
0 1 2
0 2 3
0 3 4
0 5 5
0 6 6
0 7 7
0 8 8
0 9 9
0 10 10
0 11 11
0 19 12
0 22 13
0 23 14
0 24 15
1 1 45
1 2 3
1 3 4
1 5 5
1 6 6
1 7 7
1 8 8
1 9 9
1 10 10
1 11 11
1 19 12
1 22 13
1 23 14
1 24 15
5 13 46
5 14 47
5 22 48
5 23 14
5 24 15
6 5 50
6 6 6
6 7 7
6 8 8
6 9 9
6 10 10
6 11 11
6 19 12
7 5 51
7 6 6
7 7 7
7 8 8
7 9 9
7 10 10
7 11 11
7 19 12
8 5 52
8 6 6
8 7 7
8 8 8
8 9 9
8 10 10
8 11 11
8 19 12
9 5 53
9 6 6
9 7 7
9 8 8
9 9 9
9 10 10
9 11 11
9 19 12
13 3 56
13 4 57
13 5 58
13 6 6
13 7 7
13 8 8
13 9 9
13 10 10
13 11 11
13 19 12
13 44 59
15 23 63
16 22 64
16 23 14
16 24 15
21 9 67
21 24 68
21 25 69
48 3 56
48 4 73
48 5 58
48 6 6
48 7 7
48 8 8
48 9 9
48 10 10
48 11 11
48 19 12
48 44 74
54 8 76
54 9 77
54 10 10
54 11 11
54 12 78
54 15 79
54 16 80
54 19 12
57 3 82
57 5 58
57 6 6
57 7 7
57 8 8
57 9 9
57 10 10
57 11 11
57 19 12
57 44 83
58 13 46
58 14 47
58 22 84
58 23 14
58 24 15
60 3 85
60 5 58
60 6 6
60 7 7
60 8 8
60 9 9
60 10 10
60 11 11
60 19 12
60 38 86
60 39 87
60 40 88
60 41 89
60 42 90
60 43 91
60 44 92
60 45 93
60 46 94
60 48 95
60 49 96
60 50 97
60 51 98
60 52 99
60 54 100
60 56 101
60 57 102
60 58 103
60 59 104
60 60 105
60 61 106
60 62 107
60 63 108
60 64 109
60 65 110
60 66 111
60 67 112
60 68 113
60 69 114
60 70 115
60 74 116
61 5 150
61 6 6
61 7 7
61 8 8
61 9 9
61 10 10
61 11 11
61 19 12
61 26 151
61 27 152
61 28 153
61 29 154
62 9 67
62 25 157
62 54 158
62 55 159
62 56 101
62 57 102
62 58 103
62 59 104
62 60 105
62 61 106
62 62 107
62 63 108
62 64 109
62 65 110
62 66 111
62 67 160
62 68 113
62 69 114
62 70 115
62 74 116
65 20 164
65 21 165
69 9 168
69 24 169
70 8 76
70 9 77
70 10 10
70 11 11
70 16 170
70 19 12
70 35 171
70 52 172
70 54 100
70 56 101
70 57 102
70 58 103
70 59 104
70 60 105
70 61 106
70 62 107
70 63 108
70 64 109
70 65 110
70 66 111
70 67 112
70 68 113
70 69 114
70 70 115
70 74 116
71 14 173
71 22 84
71 23 14
71 24 15
73 3 82
73 5 58
73 6 6
73 7 7
73 8 8
73 9 9
73 10 10
73 11 11
73 19 12
73 44 174
75 30 175
75 52 176
75 54 100
75 56 101
75 57 102
75 58 103
75 59 104
75 60 105
75 61 106
75 62 107
75 63 108
75 64 109
75 65 110
75 66 111
75 67 112
75 68 113
75 69 114
75 70 115
75 74 116
76 8 76
76 9 77
76 10 10
76 11 11
76 16 178
76 19 12
77 8 76
77 9 77
77 10 10
77 11 11
77 16 179
77 19 12
78 8 76
78 9 77
78 10 10
78 11 11
78 15 180
78 16 80
78 19 12
80 17 182
80 18 183
80 22 184
80 23 14
80 24 15
81 8 76
81 9 77
81 10 10
81 11 11
81 12 187
81 15 79
81 16 80
81 19 12
93 3 85
93 5 58
93 6 6
93 7 7
93 8 8
93 9 9
93 10 10
93 11 11
93 19 12
93 38 86
93 39 87
93 40 88
93 41 89
93 42 90
93 43 91
93 44 92
93 46 188
93 48 95
93 49 96
93 50 97
93 51 98
93 52 99
93 54 100
93 56 101
93 57 102
93 58 103
93 59 104
93 60 105
93 61 106
93 62 107
93 63 108
93 64 109
93 65 110
93 66 111
93 67 112
93 68 113
93 69 114
93 70 115
93 74 116
112 53 211
113 66 223
113 67 160
113 68 113
113 69 114
113 70 115
113 74 116
120 8 76
120 9 77
120 10 10
120 11 11
120 16 170
120 19 12
120 35 230
120 51 231
120 52 99
120 54 100
120 56 101
120 57 102
120 58 103
120 59 104
120 60 105
120 61 106
120 62 107
120 63 108
120 64 109
120 65 110
120 66 111
120 67 112
120 68 113
120 69 114
120 70 115
120 74 116
130 39 235
130 40 236
130 41 89
130 42 90
130 43 91
130 44 92
130 48 95
130 49 96
130 50 97
130 51 98
130 52 99
130 54 100
130 56 101
130 57 102
130 58 103
130 59 104
130 60 105
130 61 106
130 62 107
130 63 108
130 64 109
130 65 110
130 66 111
130 67 112
130 68 113
130 69 114
130 70 115
130 74 116
135 51 241
135 52 99
135 54 100
135 56 101
135 57 102
135 58 103
135 59 104
135 60 105
135 61 106
135 62 107
135 63 108
135 64 109
135 65 110
135 66 111
135 67 112
135 68 113
135 69 114
135 70 115
135 74 116
136 54 158
136 55 243
136 56 101
136 57 102
136 58 103
136 59 104
136 60 105
136 61 106
136 62 107
136 63 108
136 64 109
136 65 110
136 66 111
136 67 160
136 68 113
136 69 114
136 70 115
136 74 116
140 67 246
140 68 113
140 69 114
140 70 115
140 74 116
141 67 248
141 68 113
141 69 114
141 70 115
141 74 116
147 67 250
147 68 113
147 69 114
147 70 115
147 74 116
150 22 252
150 23 14
150 24 253
150 36 254
150 37 255
157 9 168
157 54 158
157 55 262
157 56 101
157 57 102
157 58 103
157 59 104
157 60 105
157 61 106
157 62 107
157 63 108
157 64 109
157 65 110
157 66 111
157 67 160
157 68 113
157 69 114
157 70 115
157 74 116
167 20 268
167 21 165
170 24 269
170 36 270
170 37 255
177 30 274
177 31 275
177 32 276
177 33 277
177 34 278
177 52 176
177 54 100
177 56 101
177 57 102
177 58 103
177 59 104
177 60 105
177 61 106
177 62 107
177 63 108
177 64 109
177 65 110
177 66 111
177 67 112
177 68 113
177 69 114
177 70 115
177 74 116
185 54 158
185 55 284
185 56 101
185 57 102
185 58 103
185 59 104
185 60 105
185 61 106
185 62 107
185 63 108
185 64 109
185 65 110
185 66 111
185 67 160
185 68 113
185 69 114
185 70 115
185 74 116
187 8 76
187 9 77
187 10 10
187 11 11
187 15 180
187 16 80
187 19 12
190 52 286
190 54 100
190 56 101
190 57 102
190 58 103
190 59 104
190 60 105
190 61 106
190 62 107
190 63 108
190 64 109
190 65 110
190 66 111
190 67 112
190 68 113
190 69 114
190 70 115
190 74 116
192 51 287
192 52 99
192 54 100
192 56 101
192 57 102
192 58 103
192 59 104
192 60 105
192 61 106
192 62 107
192 63 108
192 64 109
192 65 110
192 66 111
192 67 112
192 68 113
192 69 114
192 70 115
192 74 116
193 57 288
193 58 103
193 59 104
193 60 105
193 61 106
193 62 107
193 63 108
193 64 109
193 65 110
193 66 111
193 67 160
193 68 113
193 69 114
193 70 115
193 74 116
194 58 289
194 59 104
194 60 105
194 61 106
194 62 107
194 63 108
194 64 109
194 65 110
194 66 111
194 67 160
194 68 113
194 69 114
194 70 115
194 74 116
195 59 290
195 60 105
195 61 106
195 62 107
195 63 108
195 64 109
195 65 110
195 66 111
195 67 160
195 68 113
195 69 114
195 70 115
195 74 116
196 60 291
196 61 106
196 62 107
196 63 108
196 64 109
196 65 110
196 66 111
196 67 160
196 68 113
196 69 114
196 70 115
196 74 116
197 61 292
197 62 107
197 63 108
197 64 109
197 65 110
197 66 111
197 67 160
197 68 113
197 69 114
197 70 115
197 74 116
198 62 293
198 63 108
198 64 109
198 65 110
198 66 111
198 67 160
198 68 113
198 69 114
198 70 115
198 74 116
199 62 294
199 63 108
199 64 109
199 65 110
199 66 111
199 67 160
199 68 113
199 69 114
199 70 115
199 74 116
200 63 295
200 64 109
200 65 110
200 66 111
200 67 160
200 68 113
200 69 114
200 70 115
200 74 116
201 63 296
201 64 109
201 65 110
201 66 111
201 67 160
201 68 113
201 69 114
201 70 115
201 74 116
202 63 297
202 64 109
202 65 110
202 66 111
202 67 160
202 68 113
202 69 114
202 70 115
202 74 116
203 63 298
203 64 109
203 65 110
203 66 111
203 67 160
203 68 113
203 69 114
203 70 115
203 74 116
204 64 299
204 65 110
204 66 111
204 67 160
204 68 113
204 69 114
204 70 115
204 74 116
205 64 300
205 65 110
205 66 111
205 67 160
205 68 113
205 69 114
205 70 115
205 74 116
206 65 301
206 66 111
206 67 160
206 68 113
206 69 114
206 70 115
206 74 116
207 65 302
207 66 111
207 67 160
207 68 113
207 69 114
207 70 115
207 74 116
208 66 303
208 67 160
208 68 113
208 69 114
208 70 115
208 74 116
209 66 304
209 67 160
209 68 113
209 69 114
209 70 115
209 74 116
210 66 305
210 67 160
210 68 113
210 69 114
210 70 115
210 74 116
211 52 306
211 54 100
211 56 101
211 57 102
211 58 103
211 59 104
211 60 105
211 61 106
211 62 107
211 63 108
211 64 109
211 65 110
211 66 111
211 67 112
211 68 113
211 69 114
211 70 115
211 74 116
224 52 307
224 54 100
224 56 101
224 57 102
224 58 103
224 59 104
224 60 105
224 61 106
224 62 107
224 63 108
224 64 109
224 65 110
224 66 111
224 67 112
224 68 113
224 69 114
224 70 115
224 73 308
224 74 116
226 51 311
226 52 99
226 54 100
226 56 101
226 57 102
226 58 103
226 59 104
226 60 105
226 61 106
226 62 107
226 63 108
226 64 109
226 65 110
226 66 111
226 67 112
226 68 113
226 69 114
226 70 115
226 74 116
232 39 315
232 40 316
232 41 89
232 42 90
232 43 91
232 44 92
232 48 95
232 49 96
232 50 97
232 51 98
232 52 99
232 54 100
232 56 101
232 57 102
232 58 103
232 59 104
232 60 105
232 61 106
232 62 107
232 63 108
232 64 109
232 65 110
232 66 111
232 67 112
232 68 113
232 69 114
232 70 115
232 74 116
233 39 317
233 40 318
233 41 89
233 42 90
233 43 91
233 44 92
233 48 95
233 49 96
233 50 97
233 51 98
233 52 99
233 54 100
233 56 101
233 57 102
233 58 103
233 59 104
233 60 105
233 61 106
233 62 107
233 63 108
233 64 109
233 65 110
233 66 111
233 67 112
233 68 113
233 69 114
233 70 115
233 74 116
234 51 319
234 52 99
234 54 100
234 56 101
234 57 102
234 58 103
234 59 104
234 60 105
234 61 106
234 62 107
234 63 108
234 64 109
234 65 110
234 66 111
234 67 112
234 68 113
234 69 114
234 70 115
234 74 116
237 3 322
237 5 58
237 6 6
237 7 7
237 8 8
237 9 9
237 10 10
237 11 11
237 19 12
237 51 323
237 52 99
237 54 100
237 56 101
237 57 102
237 58 103
237 59 104
237 60 105
237 61 106
237 62 107
237 63 108
237 64 109
237 65 110
237 66 111
237 67 112
237 68 113
237 69 114
237 70 115
237 74 116
244 51 328
244 52 99
244 54 100
244 56 101
244 57 102
244 58 103
244 59 104
244 60 105
244 61 106
244 62 107
244 63 108
244 64 109
244 65 110
244 66 111
244 67 112
244 68 113
244 69 114
244 70 115
244 74 116
245 51 329
245 52 99
245 54 100
245 56 101
245 57 102
245 58 103
245 59 104
245 60 105
245 61 106
245 62 107
245 63 108
245 64 109
245 65 110
245 66 111
245 67 112
245 68 113
245 69 114
245 70 115
245 74 116
247 51 231
247 52 99
247 54 100
247 56 101
247 57 102
247 58 103
247 59 104
247 60 105
247 61 106
247 62 107
247 63 108
247 64 109
247 65 110
247 66 111
247 67 112
247 68 113
247 69 114
247 70 115
247 74 116
249 52 330
249 54 100
249 56 101
249 57 102
249 58 103
249 59 104
249 60 105
249 61 106
249 62 107
249 63 108
249 64 109
249 65 110
249 66 111
249 67 112
249 68 113
249 69 114
249 70 115
249 74 116
251 8 76
251 9 77
251 10 10
251 11 11
251 16 170
251 19 12
251 35 331
251 51 231
251 52 99
251 54 100
251 56 101
251 57 102
251 58 103
251 59 104
251 60 105
251 61 106
251 62 107
251 63 108
251 64 109
251 65 110
251 66 111
251 67 112
251 68 113
251 69 114
251 70 115
251 74 116
253 23 63
253 37 332
256 5 150
256 6 6
256 7 7
256 8 8
256 9 9
256 10 10
256 11 11
256 19 12
256 22 64
256 23 14
256 24 253
256 26 335
256 27 152
256 28 153
256 36 336
256 37 255
257 9 67
257 25 338
257 54 158
257 55 339
257 56 101
257 57 102
257 58 103
257 59 104
257 60 105
257 61 106
257 62 107
257 63 108
257 64 109
257 65 110
257 66 111
257 67 160
257 68 113
257 69 114
257 70 115
257 74 116
259 5 150
259 6 6
259 7 7
259 8 8
259 9 9
259 10 10
259 11 11
259 19 12
259 28 341
265 21 345
267 54 158
267 55 346
267 56 101
267 57 102
267 58 103
267 59 104
267 60 105
267 61 106
267 62 107
267 63 108
267 64 109
267 65 110
267 66 111
267 67 160
267 68 113
267 69 114
267 70 115
267 74 116
269 37 332
271 5 150
271 6 6
271 7 7
271 8 8
271 9 9
271 10 10
271 11 11
271 19 12
271 24 269
271 26 335
271 27 152
271 28 153
271 36 336
271 37 255
276 31 348
277 30 350
277 52 176
277 54 100
277 56 101
277 57 102
277 58 103
277 59 104
277 60 105
277 61 106
277 62 107
277 63 108
277 64 109
277 65 110
277 66 111
277 67 112
277 68 113
277 69 114
277 70 115
277 74 116
280 54 158
280 55 354
280 56 101
280 57 102
280 58 103
280 59 104
280 60 105
280 61 106
280 62 107
280 63 108
280 64 109
280 65 110
280 66 111
280 67 160
280 68 113
280 69 114
280 70 115
280 74 116
281 18 355
281 22 184
281 23 14
281 24 15
283 54 158
283 55 356
283 56 101
283 57 102
283 58 103
283 59 104
283 60 105
283 61 106
283 62 107
283 63 108
283 64 109
283 65 110
283 66 111
283 67 160
283 68 113
283 69 114
283 70 115
283 74 116
313 66 361
313 67 160
313 68 113
313 69 114
313 70 115
313 74 116
322 51 365
322 52 99
322 54 100
322 56 101
322 57 102
322 58 103
322 59 104
322 60 105
322 61 106
322 62 107
322 63 108
322 64 109
322 65 110
322 66 111
322 67 112
322 68 113
322 69 114
322 70 115
322 74 116
324 51 368
324 52 99
324 54 100
324 56 101
324 57 102
324 58 103
324 59 104
324 60 105
324 61 106
324 62 107
324 63 108
324 64 109
324 65 110
324 66 111
324 67 112
324 68 113
324 69 114
324 70 115
324 74 116
327 39 370
327 40 371
327 41 89
327 42 90
327 43 91
327 44 92
327 48 95
327 49 96
327 50 97
327 51 98
327 52 99
327 54 100
327 56 101
327 57 102
327 58 103
327 59 104
327 60 105
327 61 106
327 62 107
327 63 108
327 64 109
327 65 110
327 66 111
327 67 112
327 68 113
327 69 114
327 70 115
327 74 116
333 5 150
333 6 6
333 7 7
333 8 8
333 9 9
333 10 10
333 11 11
333 19 12
333 26 376
333 27 152
333 28 153
334 9 67
334 25 378
334 54 158
334 55 379
334 56 101
334 57 102
334 58 103
334 59 104
334 60 105
334 61 106
334 62 107
334 63 108
334 64 109
334 65 110
334 66 111
334 67 160
334 68 113
334 69 114
334 70 115
334 74 116
338 9 168
338 54 158
338 55 383
338 56 101
338 57 102
338 58 103
338 59 104
338 60 105
338 61 106
338 62 107
338 63 108
338 64 109
338 65 110
338 66 111
338 67 160
338 68 113
338 69 114
338 70 115
338 74 116
351 30 386
351 31 275
351 32 276
351 33 387
351 52 176
351 54 100
351 56 101
351 57 102
351 58 103
351 59 104
351 60 105
351 61 106
351 62 107
351 63 108
351 64 109
351 65 110
351 66 111
351 67 112
351 68 113
351 69 114
351 70 115
351 74 116
357 54 390
357 56 101
357 57 102
357 58 103
357 59 104
357 60 105
357 61 106
357 62 107
357 63 108
357 64 109
357 65 110
357 66 111
357 67 160
357 68 113
357 69 114
357 70 115
357 74 116
358 52 391
358 54 100
358 56 101
358 57 102
358 58 103
358 59 104
358 60 105
358 61 106
358 62 107
358 63 108
358 64 109
358 65 110
358 66 111
358 67 112
358 68 113
358 69 114
358 70 115
358 74 116
362 39 392
362 40 393
362 41 89
362 42 90
362 43 91
362 44 92
362 48 95
362 49 96
362 50 97
362 51 98
362 52 99
362 54 100
362 56 101
362 57 102
362 58 103
362 59 104
362 60 105
362 61 106
362 62 107
362 63 108
362 64 109
362 65 110
362 66 111
362 67 112
362 68 113
362 69 114
362 70 115
362 74 116
363 51 394
363 52 99
363 54 100
363 56 101
363 57 102
363 58 103
363 59 104
363 60 105
363 61 106
363 62 107
363 63 108
363 64 109
363 65 110
363 66 111
363 67 112
363 68 113
363 69 114
363 70 115
363 74 116
364 51 395
364 52 99
364 54 100
364 56 101
364 57 102
364 58 103
364 59 104
364 60 105
364 61 106
364 62 107
364 63 108
364 64 109
364 65 110
364 66 111
364 67 112
364 68 113
364 69 114
364 70 115
364 74 116
366 51 397
366 52 99
366 54 100
366 56 101
366 57 102
366 58 103
366 59 104
366 60 105
366 61 106
366 62 107
366 63 108
366 64 109
366 65 110
366 66 111
366 67 112
366 68 113
366 69 114
366 70 115
366 74 116
367 51 399
367 52 99
367 54 100
367 56 101
367 57 102
367 58 103
367 59 104
367 60 105
367 61 106
367 62 107
367 63 108
367 64 109
367 65 110
367 66 111
367 67 112
367 68 113
367 69 114
367 70 115
367 74 116
369 51 402
369 52 99
369 54 100
369 56 101
369 57 102
369 58 103
369 59 104
369 60 105
369 61 106
369 62 107
369 63 108
369 64 109
369 65 110
369 66 111
369 67 112
369 68 113
369 69 114
369 70 115
369 74 116
372 38 404
372 39 405
372 40 88
372 41 89
372 42 90
372 43 91
372 44 92
372 48 95
372 49 96
372 50 97
372 51 98
372 52 99
372 54 100
372 56 101
372 57 102
372 58 103
372 59 104
372 60 105
372 61 106
372 62 107
372 63 108
372 64 109
372 65 110
372 66 111
372 67 112
372 68 113
372 69 114
372 70 115
372 74 116
373 39 406
373 40 407
373 41 89
373 42 90
373 43 91
373 44 92
373 48 95
373 49 96
373 50 97
373 51 98
373 52 99
373 54 100
373 56 101
373 57 102
373 58 103
373 59 104
373 60 105
373 61 106
373 62 107
373 63 108
373 64 109
373 65 110
373 66 111
373 67 112
373 68 113
373 69 114
373 70 115
373 74 116
374 8 76
374 9 77
374 10 10
374 11 11
374 16 170
374 19 12
374 35 408
374 71 409
374 72 410
378 9 168
378 54 158
378 55 413
378 56 101
378 57 102
378 58 103
378 59 104
378 60 105
378 61 106
378 62 107
378 63 108
378 64 109
378 65 110
378 66 111
378 67 160
378 68 113
378 69 114
378 70 115
378 74 116
387 30 417
387 52 176
387 54 100
387 56 101
387 57 102
387 58 103
387 59 104
387 60 105
387 61 106
387 62 107
387 63 108
387 64 109
387 65 110
387 66 111
387 67 112
387 68 113
387 69 114
387 70 115
387 74 116
396 51 420
396 52 99
396 54 100
396 56 101
396 57 102
396 58 103
396 59 104
396 60 105
396 61 106
396 62 107
396 63 108
396 64 109
396 65 110
396 66 111
396 67 112
396 68 113
396 69 114
396 70 115
396 74 116
398 39 423
398 40 424
398 41 89
398 42 90
398 43 91
398 44 92
398 48 95
398 49 96
398 50 97
398 51 98
398 52 99
398 54 100
398 56 101
398 57 102
398 58 103
398 59 104
398 60 105
398 61 106
398 62 107
398 63 108
398 64 109
398 65 110
398 66 111
398 67 112
398 68 113
398 69 114
398 70 115
398 74 116
400 51 426
400 52 99
400 54 100
400 56 101
400 57 102
400 58 103
400 59 104
400 60 105
400 61 106
400 62 107
400 63 108
400 64 109
400 65 110
400 66 111
400 67 112
400 68 113
400 69 114
400 70 115
400 74 116
401 51 428
401 52 99
401 54 100
401 56 101
401 57 102
401 58 103
401 59 104
401 60 105
401 61 106
401 62 107
401 63 108
401 64 109
401 65 110
401 66 111
401 67 112
401 68 113
401 69 114
401 70 115
401 74 116
403 39 431
403 40 432
403 41 89
403 42 90
403 43 91
403 44 92
403 48 95
403 49 96
403 50 97
403 51 98
403 52 99
403 54 100
403 56 101
403 57 102
403 58 103
403 59 104
403 60 105
403 61 106
403 62 107
403 63 108
403 64 109
403 65 110
403 66 111
403 67 112
403 68 113
403 69 114
403 70 115
403 74 116
421 39 442
421 40 443
421 41 89
421 42 90
421 43 91
421 44 92
421 48 95
421 49 96
421 50 97
421 51 98
421 52 99
421 54 100
421 56 101
421 57 102
421 58 103
421 59 104
421 60 105
421 61 106
421 62 107
421 63 108
421 64 109
421 65 110
421 66 111
421 67 112
421 68 113
421 69 114
421 70 115
421 74 116
422 39 444
422 40 445
422 41 89
422 42 90
422 43 91
422 44 92
422 48 95
422 49 96
422 50 97
422 51 98
422 52 99
422 54 100
422 56 101
422 57 102
422 58 103
422 59 104
422 60 105
422 61 106
422 62 107
422 63 108
422 64 109
422 65 110
422 66 111
422 67 112
422 68 113
422 69 114
422 70 115
422 74 116
425 51 446
425 52 99
425 54 100
425 56 101
425 57 102
425 58 103
425 59 104
425 60 105
425 61 106
425 62 107
425 63 108
425 64 109
425 65 110
425 66 111
425 67 112
425 68 113
425 69 114
425 70 115
425 74 116
427 39 449
427 40 450
427 41 89
427 42 90
427 43 91
427 44 92
427 48 95
427 49 96
427 50 97
427 51 98
427 52 99
427 54 100
427 56 101
427 57 102
427 58 103
427 59 104
427 60 105
427 61 106
427 62 107
427 63 108
427 64 109
427 65 110
427 66 111
427 67 112
427 68 113
427 69 114
427 70 115
427 74 116
429 39 452
429 40 453
429 41 89
429 42 90
429 43 91
429 44 92
429 48 95
429 49 96
429 50 97
429 51 98
429 52 99
429 54 100
429 56 101
429 57 102
429 58 103
429 59 104
429 60 105
429 61 106
429 62 107
429 63 108
429 64 109
429 65 110
429 66 111
429 67 112
429 68 113
429 69 114
429 70 115
429 74 116
430 39 454
430 40 455
430 41 89
430 42 90
430 43 91
430 44 92
430 48 95
430 49 96
430 50 97
430 51 98
430 52 99
430 54 100
430 56 101
430 57 102
430 58 103
430 59 104
430 60 105
430 61 106
430 62 107
430 63 108
430 64 109
430 65 110
430 66 111
430 67 112
430 68 113
430 69 114
430 70 115
430 74 116
433 39 456
433 40 457
433 41 89
433 42 90
433 43 91
433 44 92
433 48 95
433 49 96
433 50 97
433 51 98
433 52 99
433 54 100
433 56 101
433 57 102
433 58 103
433 59 104
433 60 105
433 61 106
433 62 107
433 63 108
433 64 109
433 65 110
433 66 111
433 67 112
433 68 113
433 69 114
433 70 115
433 74 116
434 52 458
434 54 100
434 56 101
434 57 102
434 58 103
434 59 104
434 60 105
434 61 106
434 62 107
434 63 108
434 64 109
434 65 110
434 66 111
434 67 112
434 68 113
434 69 114
434 70 115
434 74 116
435 8 76
435 9 77
435 10 10
435 11 11
435 16 170
435 19 12
435 35 408
435 72 459
437 52 460
437 54 100
437 56 101
437 57 102
437 58 103
437 59 104
437 60 105
437 61 106
437 62 107
437 63 108
437 64 109
437 65 110
437 66 111
437 67 112
437 68 113
437 69 114
437 70 115
437 74 116
441 39 461
441 40 462
441 41 89
441 42 90
441 43 91
441 44 92
441 48 95
441 49 96
441 50 97
441 51 98
441 52 99
441 54 100
441 56 101
441 57 102
441 58 103
441 59 104
441 60 105
441 61 106
441 62 107
441 63 108
441 64 109
441 65 110
441 66 111
441 67 112
441 68 113
441 69 114
441 70 115
441 74 116
447 39 464
447 40 465
447 41 89
447 42 90
447 43 91
447 44 92
447 48 95
447 49 96
447 50 97
447 51 98
447 52 99
447 54 100
447 56 101
447 57 102
447 58 103
447 59 104
447 60 105
447 61 106
447 62 107
447 63 108
447 64 109
447 65 110
447 66 111
447 67 112
447 68 113
447 69 114
447 70 115
447 74 116
448 39 466
448 40 467
448 41 89
448 42 90
448 43 91
448 44 92
448 48 95
448 49 96
448 50 97
448 51 98
448 52 99
448 54 100
448 56 101
448 57 102
448 58 103
448 59 104
448 60 105
448 61 106
448 62 107
448 63 108
448 64 109
448 65 110
448 66 111
448 67 112
448 68 113
448 69 114
448 70 115
448 74 116
451 39 468
451 40 469
451 41 89
451 42 90
451 43 91
451 44 92
451 48 95
451 49 96
451 50 97
451 51 98
451 52 99
451 54 100
451 56 101
451 57 102
451 58 103
451 59 104
451 60 105
451 61 106
451 62 107
451 63 108
451 64 109
451 65 110
451 66 111
451 67 112
451 68 113
451 69 114
451 70 115
451 74 116
463 39 470
463 40 471
463 41 89
463 42 90
463 43 91
463 44 92
463 48 95
463 49 96
463 50 97
463 51 98
463 52 99
463 54 100
463 56 101
463 57 102
463 58 103
463 59 104
463 60 105
463 61 106
463 62 107
463 63 108
463 64 109
463 65 110
463 66 111
463 67 112
463 68 113
463 69 114
463 70 115
463 74 116
